"Relative Intensity (%) Run #1";"Output Voltage Ch H (V) Run #1";"Output Current Ch H (A) Run #1";"Angle (rad) Run #1";"Relative Intensity (%) Run #2";"Output Voltage Ch H (V) Run #2";"Output Current Ch H (A) Run #2";"Angle (rad) Run #2";"Relative Intensity (%) Run #3";"Output Voltage Ch H (V) Run #3";"Output Current Ch H (A) Run #3";"Angle (rad) Run #3";"Relative Intensity (%) Run #4";"Output Voltage Ch H (V) Run #4";"Output Current Ch H (A) Run #4";"Angle (rad) Run #4";"Relative Intensity (%) Run #5";"Output Voltage Ch H (V) Run #5";"Output Current Ch H (A) Run #5";"Angle (rad) Run #5";"Relative Intensity (%) Run #6";"Output Voltage Ch H (V) Run #6";"Output Current Ch H (A) Run #6";"Angle (rad) Run #6";"Relative Intensity (%) Run #7";"Output Voltage Ch H (V) Run #7";"Output Current Ch H (A) Run #7";"Angle (rad) Run #7";"Relative Intensity (%) Run #8";"Output Voltage Ch H (V) Run #8";"Output Current Ch H (A) Run #8";"Angle (rad) Run #8";"Relative Intensity (%) Run #9";"Output Voltage Ch H (V) Run #9";"Output Current Ch H (A) Run #9";"Angle (rad) Run #9";"Relative Intensity (%) Run #10";"Output Voltage Ch H (V) Run #10";"Output Current Ch H (A) Run #10";"Angle (rad) Run #10"
-0,01;3,51;0,50;0,000;0,69;4,02;0,53;0,000;-0,04;4,51;0,56;0,000;0,93;5,01;0,58;0,000;0,95;5,51;0,61;0,000;-0,82;6,02;0,64;0,000;0,57;6,52;0,66;0,000;-1,05;7,01;0,68;0,000;-1,05;7,51;0,70;0,000;-0,18;8,02;0,73;0,000
-0,01;3,51;0,50;0,000;0,62;4,02;0,53;0,000;-0,01;4,51;0,56;0,000;0,90;5,01;0,58;0,000;0,94;5,51;0,61;0,000;-0,93;6,02;0,64;0,000;0,56;6,52;0,66;0,000;-1,07;7,01;0,68;0,000;-1,12;7,51;0,70;0,000;-0,18;8,02;0,73;0,000
-0,05;3,51;0,50;0,000;0,69;4,02;0,53;0,000;0,06;4,51;0,56;0,000;0,79;5,01;0,58;0,000;0,97;5,51;0,61;0,000;-0,95;6,02;0,64;0,000;0,32;6,52;0,66;0,000;-1,07;7,01;0,68;0,000;-1,07;7,51;0,70;0,000;-0,10;8,02;0,73;0,000
-0,02;3,51;0,50;0,000;0,61;4,02;0,53;0,000;0,01;4,51;0,56;0,000;0,76;5,01;0,58;0,000;1,08;5,51;0,61;0,000;-0,93;6,02;0,63;0,000;0,40;6,52;0,66;0,000;-1,12;7,01;0,68;0,000;-1,09;7,51;0,70;0,000;-0,15;8,02;0,73;0,000
-0,04;3,51;0,50;0,000;0,61;4,02;0,53;0,000;0,05;4,51;0,56;0,000;0,79;5,01;0,58;0,000;0,98;5,51;0,61;0,000;-0,79;6,02;0,63;0,000;0,42;6,52;0,66;0,000;-1,07;7,01;0,68;0,000;-1,08;7,51;0,70;0,000;-0,08;8,02;0,73;0,000
-0,06;3,51;0,50;0,000;0,67;4,02;0,53;0,000;0,01;4,51;0,56;0,000;0,79;5,01;0,58;0,000;0,93;5,51;0,61;0,000;-0,80;6,02;0,63;0,000;0,28;6,52;0,66;0,000;-1,23;7,01;0,68;0,000;-1,14;7,51;0,70;0,000;-0,07;8,02;0,73;0,000
-0,04;3,51;0,50;0,000;0,65;4,02;0,53;0,000;-0,03;4,52;0,56;0,000;0,83;5,01;0,58;0,017;1,04;5,51;0,61;0,000;-1,09;6,02;0,63;0,000;0,36;6,52;0,66;0,000;-1,31;7,01;0,68;0,000;-1,19;7,51;0,70;0,000;-0,06;8,02;0,73;0,000
-0,02;3,51;0,50;0,000;0,54;4,02;0,53;0,000;0,04;4,52;0,56;0,000;0,83;5,01;0,58;0,017;0,89;5,51;0,61;0,000;-1,01;6,02;0,63;0,000;0,58;6,52;0,66;0,000;-1,21;7,01;0,68;0,000;-1,10;7,51;0,70;0,000;-0,09;8,02;0,73;0,000
-0,09;3,51;0,50;0,000;0,54;4,02;0,53;0,000;-0,01;4,52;0,56;0,000;0,85;5,01;0,58;0,017;0,85;5,51;0,61;0,000;-1,02;6,02;0,63;0,000;0,52;6,52;0,66;0,000;-1,17;7,01;0,68;0,000;-1,05;7,51;0,70;0,000;-0,12;8,02;0,72;0,000
-0,10;3,51;0,50;0,000;0,65;4,02;0,53;0,000;0,06;4,52;0,56;0,000;0,82;5,01;0,58;0,017;0,74;5,51;0,61;0,000;-1,08;6,02;0,63;0,000;0,47;6,52;0,66;0,000;-1,20;7,01;0,68;0,000;-1,05;7,51;0,70;0,000;-8,54E-4;8,02;0,72;0,000
-0,07;3,51;0,50;0,000;0,72;4,02;0,53;0,000;0,07;4,52;0,56;0,000;0,89;5,01;0,58;0,017;0,90;5,51;0,61;0,000;-0,91;6,02;0,63;0,000;0,50;6,52;0,66;0,000;-1,22;7,01;0,68;0,000;-1,07;7,51;0,70;0,000;-0,01;8,02;0,72;0,000
-0,07;3,51;0,50;0,000;0,21;4,02;0,53;0,000;0,09;4,52;0,56;0,000;0,90;5,01;0,58;0,017;0,76;5,51;0,61;0,000;-0,95;6,02;0,63;0,000;0,61;6,52;0,66;0,000;-1,17;7,01;0,68;0,000;-0,99;7,51;0,70;0,000;-0,06;8,02;0,72;0,000
-0,09;3,51;0,50;0,000;0,43;4,02;0,53;0,000;0,08;4,52;0,56;0,000;0,90;5,01;0,58;0,017;0,68;5,51;0,61;0,000;-1,00;6,02;0,63;0,000;0,62;6,52;0,66;0,000;-1,21;7,01;0,68;0,000;-1,12;7,51;0,70;0,000;-0,04;8,02;0,72;0,000
-0,12;3,51;0,50;0,000;0,64;4,02;0,53;0,000;0,02;4,52;0,56;0,000;0,95;5,01;0,58;0,017;1,01;5,51;0,61;0,000;-0,94;6,02;0,63;0,000;0,41;6,52;0,66;0,000;-1,01;7,01;0,68;0,000;-1,14;7,51;0,70;0,000;-2,59E-4;8,02;0,72;0,000
-0,16;3,51;0,50;0,000;0,58;4,02;0,53;0,000;-0,02;4,52;0,56;0,000;0,98;5,01;0,58;0,017;1,09;5,51;0,61;0,000;-0,93;6,02;0,63;0,000;0,41;6,52;0,66;0,000;-0,92;7,01;0,68;0,000;-1,17;7,51;0,70;0,000;-0,02;8,02;0,72;0,000
-0,30;3,51;0,50;0,000;0,67;4,02;0,53;0,000;0,03;4,52;0,56;0,000;0,98;5,01;0,58;0,017;0,95;5,51;0,61;0,000;-0,97;6,02;0,63;0,000;0,52;6,52;0,66;0,000;-1,13;7,01;0,68;0,000;-1,18;7,51;0,70;0,000;-0,02;8,02;0,72;0,000
-0,19;3,51;0,50;0,000;0,71;4,02;0,53;0,000;-0,01;4,52;0,56;0,000;0,96;5,01;0,58;0,017;0,93;5,51;0,61;0,000;-0,91;6,02;0,63;0,000;0,47;6,52;0,66;0,000;-1,04;7,01;0,68;0,000;-1,13;7,51;0,70;0,000;0,01;8,02;0,72;0,000
-0,01;3,51;0,50;0,000;0,64;4,02;0,53;0,000;-0,04;4,52;0,56;0,000;0,97;5,01;0,58;0,017;1,02;5,51;0,61;0,000;-0,83;6,02;0,63;0,000;0,60;6,52;0,66;0,000;-1,06;7,01;0,68;0,000;-1,11;7,51;0,70;0,000;-0,05;8,02;0,72;0,000
-0,01;3,51;0,50;0,000;0,57;4,02;0,53;0,000;-0,06;4,52;0,56;0,000;0,91;5,01;0,58;0,017;0,98;5,51;0,61;0,000;-0,91;6,02;0,63;0,017;0,56;6,52;0,66;0,000;-1,07;7,01;0,68;0,000;-1,15;7,51;0,70;0,000;-0,11;8,02;0,72;0,000
-0,05;3,51;0,50;0,000;0,61;4,02;0,53;0,000;0,00;4,52;0,56;0,000;0,88;5,01;0,58;0,017;0,81;5,51;0,61;0,000;-0,88;6,02;0,63;0,017;0,63;6,52;0,66;0,000;-1,06;7,01;0,68;0,000;-1,16;7,51;0,70;0,000;-0,08;8,02;0,72;0,000
4,12E-4;3,51;0,50;0,000;0,00;4,02;0,53;0,000;0,00;4,52;0,56;0,000;0,83;5,01;0,58;0,017;0,87;5,51;0,61;0,017;-0,90;6,02;0,63;0,017;0,47;6,52;0,66;0,000;-1,04;7,01;0,68;0,000;-1,17;7,51;0,70;0,000;-0,05;8,02;0,72;0,000
-0,03;3,51;0,50;0,000;0,00;4,02;0,53;0,000;0,00;4,52;0,56;0,000;0,96;5,01;0,58;0,017;0,95;5,51;0,61;0,017;-0,96;6,02;0,63;0,017;0,52;6,52;0,66;0,000;-0,95;7,01;0,68;0,000;-1,16;7,51;0,70;0,000;-0,06;8,02;0,72;0,000
-0,01;3,51;0,50;0,000;0,00;4,02;0,53;0,000;0,00;4,52;0,56;0,000;0,96;5,01;0,58;0,017;0,89;5,51;0,61;0,017;-0,80;6,02;0,63;0,017;0,65;6,52;0,66;0,000;-1,07;7,01;0,68;0,000;-1,15;7,51;0,70;0,000;-0,08;8,02;0,72;0,000
-0,05;3,51;0,50;0,000;0,00;4,02;0,53;0,000;0,00;4,52;0,56;0,000;0,92;5,01;0,58;0,017;0,84;5,51;0,61;0,017;-0,88;6,02;0,63;0,017;0,63;6,52;0,66;0,000;-0,93;7,01;0,68;0,000;-1,12;7,51;0,70;0,000;-0,02;8,02;0,72;0,000
-0,07;3,51;0,50;0,000;0,00;4,02;0,53;0,000;0,00;4,52;0,56;0,000;0,96;5,02;0,58;0,017;0,75;5,51;0,61;0,017;-0,95;6,02;0,63;0,017;0,60;6,52;0,66;0,000;-1,13;7,01;0,68;0,000;-1,16;7,51;0,70;0,000;-0,06;8,02;0,72;0,000
-0,19;3,51;0,50;0,000;0,00;4,02;0,53;0,000;0,00;4,52;0,56;0,000;0,98;5,02;0,58;0,017;0,68;5,51;0,61;0,017;0,00;6,02;0,63;0,000;0,54;6,52;0,66;0,000;-1,03;7,01;0,68;0,000;-1,16;7,51;0,70;0,000;-0,02;8,02;0,72;0,000
0,00;3,51;0,50;0,000;0,00;4,02;0,53;0,000;0,00;4,52;0,56;0,000;0,84;5,02;0,58;0,017;0,89;5,51;0,61;0,017;0,00;6,02;0,63;0,000;0,57;6,52;0,66;0,000;-1,14;7,02;0,68;0,000;-1,17;7,51;0,70;0,000;-0,02;8,02;0,72;0,000
0,00;3,51;0,50;0,000;0,00;4,02;0,53;0,000;0,00;4,52;0,55;0,000;0,83;5,02;0,58;0,017;0,88;5,51;0,61;0,017;0,00;6,02;0,63;0,000;0,62;6,52;0,66;0,000;-1,12;7,02;0,68;0,000;-1,08;7,51;0,70;0,000;-0,05;8,02;0,72;0,000
0,00;3,51;0,50;0,000;0,00;4,02;0,53;0,000;0,00;4,52;0,55;0,000;0,76;5,02;0,58;0,017;0,84;5,51;0,61;0,017;0,00;6,02;0,63;0,017;0,55;6,52;0,66;0,000;-1,09;7,02;0,68;0,000;-1,09;7,51;0,70;0,000;-0,02;8,02;0,72;0,000
0,00;3,51;0,50;0,000;0,00;4,02;0,53;0,000;0,00;4,52;0,55;0,000;0,75;5,02;0,58;0,017;0,95;5,51;0,61;0,000;0,00;6,02;0,63;0,017;0,00;6,52;0,66;0,000;-1,05;7,02;0,68;0,000;-1,14;7,51;0,70;0,000;0,02;8,02;0,72;0,000
0,00;3,51;0,50;0,000;0,00;4,02;0,53;0,000;0,00;4,52;0,55;0,000;0,82;5,02;0,58;0,017;0,87;5,51;0,61;0,017;0,00;6,02;0,63;0,017;0,00;6,52;0,66;0,000;0,00;7,02;0,68;0,000;-1,15;7,51;0,70;0,000;-0,19;8,02;0,72;0,000
0,00;3,51;0,50;0,000;0,00;4,02;0,52;0,000;0,00;4,52;0,55;0,000;0,88;5,02;0,58;0,017;0,79;5,51;0,61;0,017;0,00;6,02;0,63;0,017;0,00;6,52;0,66;0,000;0,00;7,02;0,68;0,000;-1,18;7,51;0,70;0,000;-0,08;8,02;0,72;0,000
0,00;3,51;0,50;0,000;0,00;4,02;0,52;0,000;0,00;4,52;0,55;0,000;0,92;5,02;0,58;0,017;0,81;5,51;0,61;0,017;0,00;6,02;0,63;0,017;0,00;6,52;0,66;0,000;0,00;7,02;0,68;0,000;0,00;7,51;0,70;0,000;-0,03;8,02;0,72;0,000
0,00;3,51;0,50;0,000;0,00;4,02;0,52;0,000;0,00;4,52;0,55;0,000;0,94;5,02;0,58;0,017;0,85;5,51;0,61;0,017;0,00;6,02;0,63;0,017;0,00;6,52;0,66;0,000;0,00;7,02;0,68;0,000;0,00;7,51;0,70;0,000;-0,05;8,02;0,72;0,000
0,00;3,51;0,50;0,000;0,00;4,02;0,52;0,000;0,00;4,52;0,55;0,000;0,86;5,02;0,58;0,000;0,87;5,51;0,61;0,017;0,00;6,02;0,63;0,017;0,00;6,52;0,66;0,000;0,00;7,02;0,68;0,000;0,00;7,51;0,70;0,000;-0,04;8,02;0,72;0,000
0,00;3,51;0,50;0,000;0,00;4,02;0,52;0,000;0,00;4,52;0,55;0,000;0,81;5,02;0,58;0,000;0,96;5,51;0,61;0,017;0,00;6,02;0,63;0,017;0,00;6,52;0,66;0,000;0,00;7,02;0,68;0,000;0,00;7,51;0,70;0,000;0,03;8,02;0,72;0,000
0,00;3,51;0,50;0,000;0,00;4,02;0,52;0,000;0,00;4,52;0,55;0,000;0,88;5,02;0,58;0,000;0,85;5,51;0,61;0,017;0,00;6,02;0,63;0,017;0,00;6,52;0,66;0,000;0,00;7,02;0,68;0,000;0,00;7,51;0,70;0,000;-0,04;8,02;0,72;0,000
0,00;3,51;0,50;0,000;0,00;4,02;0,52;0,000;0,00;4,52;0,55;0,000;0,89;5,02;0,58;0,000;0,90;5,51;0,61;0,017;0,00;6,02;0,63;0,017;0,00;6,52;0,66;0,000;0,00;7,02;0,68;0,000;0,00;7,51;0,70;0,000;0,04;8,02;0,72;0,000
0,00;3,51;0,50;0,000;0,00;4,02;0,52;0,000;0,00;4,52;0,55;0,000;0,91;5,02;0,58;0,000;0,95;5,51;0,61;0,017;0,00;6,02;0,63;0,017;0,00;6,52;0,66;0,000;0,00;7,02;0,68;0,000;0,00;7,51;0,70;0,000;0,03;8,02;0,72;0,000
0,00;3,51;0,50;0,000;0,00;4,02;0,52;0,000;0,00;4,52;0,55;0,000;0,80;5,02;0,58;0,000;0,97;5,51;0,61;0,017;0,00;6,02;0,63;0,017;0,00;6,52;0,66;0,000;0,00;7,02;0,68;0,000;0,00;7,51;0,70;0,000;0,01;8,02;0,72;0,000
0,00;3,51;0,50;0,000;0,00;4,02;0,52;0,000;0,00;4,52;0,55;0,000;0,89;5,02;0,58;0,000;0,96;5,51;0,61;0,017;0,00;6,02;0,63;0,017;0,00;6,52;0,66;0,000;0,00;7,02;0,68;0,000;0,00;7,51;0,70;0,000;0,02;8,02;0,72;0,000
0,00;3,51;0,50;0,000;0,00;4,02;0,52;0,000;0,00;4,52;0,55;0,000;0,84;5,02;0,58;0,000;0,00;5,51;0,61;0,000;0,00;6,02;0,63;0,017;0,00;6,52;0,66;0,000;0,00;7,02;0,68;0,000;0,00;7,51;0,70;0,000;-0,05;8,02;0,72;0,000
0,00;3,51;0,50;0,000;0,00;4,02;0,52;0,000;0,00;4,52;0,55;0,000;0,77;5,02;0,58;0,000;0,00;5,51;0,61;0,000;0,00;6,02;0,63;0,017;0,00;6,52;0,66;0,000;0,00;7,02;0,68;0,000;0,00;7,51;0,70;0,000;-0,01;8,02;0,72;0,000
0,00;3,51;0,50;0,000;0,00;4,02;0,52;0,000;0,00;4,52;0,55;0,000;0,80;5,02;0,58;0,000;0,00;5,51;0,61;0,017;0,00;6,02;0,63;0,017;0,00;6,52;0,66;0,000;0,00;7,02;0,68;0,000;0,00;7,51;0,70;0,000;-0,02;8,02;0,72;0,000
0,00;3,51;0,50;0,000;0,00;4,02;0,52;0,000;0,00;4,52;0,55;0,000;0,69;5,02;0,58;0,000;0,00;5,51;0,61;0,017;0,00;6,02;0,63;0,017;0,00;6,52;0,65;0,000;0,00;7,02;0,68;0,000;0,00;7,51;0,70;0,000;-9,31E-4;8,02;0,72;0,000
0,00;3,51;0,50;0,000;0,00;4,02;0,52;0,000;0,00;4,52;0,55;0,000;0,75;5,02;0,58;0,017;0,00;5,51;0,61;0,017;0,00;6,02;0,63;0,017;0,00;6,52;0,65;0,000;0,00;7,02;0,68;0,000;0,00;7,51;0,70;0,000;0,01;8,02;0,72;0,000
0,00;3,51;0,50;0,000;0,00;4,02;0,52;0,000;0,00;4,52;0,55;0,000;0,84;5,02;0,58;0,017;0,00;5,51;0,61;0,017;0,00;6,02;0,63;0,017;0,00;6,52;0,65;0,000;0,00;7,02;0,68;0,000;0,00;7,51;0,70;0,000;0,01;8,02;0,72;0,000
0,00;3,51;0,50;0,000;0,00;4,02;0,52;0,000;0,00;4,52;0,55;0,000;0,77;5,02;0,58;0,000;0,00;5,51;0,61;0,017;0,00;6,02;0,63;0,017;0,00;6,52;0,65;0,000;0,00;7,02;0,68;0,000;0,00;7,51;0,70;0,000;-0,05;8,02;0,72;0,000
0,00;3,51;0,50;0,000;0,00;4,02;0,52;0,000;0,00;4,52;0,55;0,000;0,71;5,02;0,58;0,000;0,00;5,52;0,61;0,017;0,00;6,02;0,63;0,017;0,00;6,52;0,65;0,000;0,00;7,02;0,68;0,000;0,00;7,51;0,70;0,000;-0,07;8,02;0,72;0,000
0,00;3,51;0,50;0,000;0,00;4,02;0,52;0,000;0,00;4,52;0,55;0,000;0,72;5,02;0,58;0,000;0,00;5,51;0,61;0,017;0,00;6,02;0,63;0,000;0,00;6,52;0,65;-0,017;0,00;7,02;0,68;0,000;0,00;7,51;0,70;0,000;-0,04;8,02;0,72;0,000
0,00;3,51;0,50;0,000;0,00;4,02;0,52;0,000;0,00;4,52;0,55;0,000;0,00;5,02;0,58;0,000;0,00;5,52;0,61;0,017;0,00;6,02;0,63;0,000;0,00;6,52;0,65;-0,017;0,00;7,02;0,68;0,000;0,00;7,51;0,70;0,000;-9,16E-4;8,02;0,72;0,000
0,00;3,51;0,50;0,000;0,00;4,02;0,52;0,000;0,00;4,52;0,55;0,000;0,00;5,02;0,58;0,000;0,00;5,52;0,61;0,017;0,00;6,02;0,63;0,000;0,00;6,52;0,65;-0,017;0,00;7,02;0,68;0,000;0,00;7,51;0,70;0,000;-0,05;8,02;0,72;0,000
0,00;3,51;0,50;0,000;0,00;4,02;0,52;0,000;0,00;4,52;0,55;0,000;0,00;5,02;0,58;0,000;0,00;5,52;0,61;0,017;0,00;6,02;0,63;0,000;0,00;6,52;0,65;-0,017;0,00;7,02;0,68;0,000;0,00;7,51;0,70;0,000;0,01;8,02;0,72;0,000
0,00;3,52;0,50;0,000;0,00;4,02;0,52;0,000;0,00;4,52;0,55;0,000;0,00;5,02;0,58;0,017;0,00;5,52;0,61;0,017;0,00;6,02;0,63;0,000;0,00;6,52;0,65;-0,017;0,00;7,02;0,68;0,000;0,00;7,51;0,70;0,000;0,01;8,02;0,72;0,000
0,00;3,51;0,50;0,000;0,00;4,02;0,52;0,000;0,00;4,52;0,55;0,000;0,00;5,02;0,58;0,017;0,00;5,52;0,61;0,017;0,00;6,02;0,63;0,000;0,00;6,52;0,65;-0,017;0,00;7,02;0,68;0,000;0,00;7,51;0,70;0,000;-0,07;8,02;0,72;0,000
0,00;3,52;0,50;0,000;0,00;4,02;0,52;0,000;-0,01;4,52;0,55;0,000;0,00;5,02;0,58;0,017;0,00;5,52;0,61;0,017;0,00;6,02;0,63;0,000;0,00;6,52;0,65;-0,017;0,00;7,02;0,68;0,000;0,00;7,51;0,70;0,000;0,00;8,02;0,72;0,000
0,00;3,52;0,50;0,000;0,00;4,02;0,52;0,000;0,08;4,52;0,55;0,000;0,00;5,02;0,58;0,017;0,00;5,52;0,61;0,017;0,00;6,02;0,63;0,000;0,00;6,52;0,65;-0,017;0,00;7,02;0,68;0,000;0,00;7,51;0,70;0,000;0,00;8,02;0,72;0,000
0,00;3,52;0,50;0,000;-0,01;4,02;0,52;0,000;0,06;4,52;0,55;0,000;0,00;5,02;0,58;0,017;0,00;5,52;0,61;0,017;0,00;6,02;0,63;0,000;0,00;6,52;0,65;-0,017;0,00;7,02;0,68;0,000;0,00;7,51;0,70;0,000;0,01;8,02;0,72;0,000
0,00;3,52;0,50;0,000;-0,02;4,02;0,52;0,000;-0,04;4,52;0,55;0,000;0,00;5,02;0,58;0,017;0,00;5,52;0,61;0,017;0,00;6,02;0,63;0,000;0,00;6,52;0,65;-0,017;0,00;7,02;0,68;0,000;0,00;7,51;0,70;0,000;-0,09;8,02;0,72;-0,017
0,00;3,52;0,50;0,000;-0,02;4,02;0,52;0,000;-0,03;4,52;0,55;0,000;0,00;5,02;0,58;0,017;0,00;5,52;0,61;0,017;0,00;6,02;0,63;0,000;0,00;6,52;0,65;-0,017;0,00;7,02;0,68;0,000;0,00;7,52;0,70;0,000;-0,11;8,02;0,72;-0,017
0,00;3,52;0,50;0,000;-0,12;4,02;0,52;0,000;-0,13;4,52;0,55;0,000;0,00;5,02;0,58;0,017;0,00;5,52;0,61;0,017;0,00;6,02;0,63;0,000;0,00;6,52;0,65;-0,017;0,00;7,02;0,68;0,000;0,00;7,52;0,70;0,000;0,00;8,02;0,72;-0,017
0,00;3,52;0,50;0,000;-0,35;4,02;0,52;0,000;-0,09;4,52;0,55;0,000;0,00;5,02;0,58;0,017;0,00;5,52;0,61;0,017;0,00;6,02;0,63;0,000;0,00;6,52;0,65;-0,017;0,00;7,02;0,68;0,000;0,00;7,52;0,70;0,000;0,00;8,02;0,72;-0,017
-0,02;3,52;0,50;0,000;-0,45;4,02;0,52;0,000;0,16;4,52;0,55;0,000;0,00;5,02;0,58;0,017;0,00;5,52;0,61;0,017;-0,06;6,02;0,63;0,000;0,00;6,52;0,65;0,000;0,00;7,02;0,68;0,000;0,00;7,52;0,70;0,000;0,00;8,02;0,72;-0,017
0,02;3,52;0,50;0,000;-0,55;4,02;0,52;0,000;0,10;4,52;0,55;0,000;0,00;5,02;0,58;0,017;0,00;5,52;0,61;0,017;-0,06;6,02;0,63;0,000;0,00;6,52;0,65;0,000;0,00;7,02;0,68;0,000;0,00;7,52;0,70;0,000;0,00;8,02;0,72;0,000
0,10;3,52;0,50;0,000;-0,40;4,02;0,52;0,000;3,05E-5;4,52;0,55;0,000;0,00;5,02;0,58;0,017;0,00;5,52;0,60;0,000;-0,11;6,02;0,63;0,000;0,00;6,52;0,65;0,000;0,00;7,02;0,68;0,000;0,00;7,52;0,70;0,000;0,00;8,02;0,72;0,000
0,06;3,52;0,50;0,000;-0,37;4,02;0,52;0,000;-0,01;4,52;0,55;0,000;0,00;5,02;0,58;0,017;0,00;5,52;0,60;0,000;-0,07;6,02;0,63;0,000;0,00;6,52;0,65;0,000;0,00;7,02;0,68;0,000;0,00;7,52;0,70;0,000;0,00;8,02;0,72;0,000
0,01;3,52;0,50;0,000;-0,46;4,02;0,52;0,000;0,08;4,52;0,55;0,000;0,00;5,02;0,58;0,017;0,00;5,52;0,60;0,000;-0,17;6,02;0,63;0,000;0,01;6,52;0,65;0,000;0,00;7,02;0,68;0,000;0,00;7,52;0,70;0,000;0,00;8,02;0,72;0,000
0,06;3,52;0,50;0,000;-0,67;4,02;0,52;0,000;0,02;4,52;0,55;0,000;0,00;5,02;0,58;0,017;0,00;5,52;0,60;0,000;-0,11;6,02;0,63;0,000;-0,02;6,52;0,65;0,000;-0,07;7,02;0,68;0,000;0,00;7,52;0,70;0,000;0,00;8,02;0,72;0,000
0,09;3,52;0,50;0,000;-0,56;4,02;0,52;0,017;0,01;4,52;0,55;0,000;0,00;5,02;0,58;0,017;0,00;5,52;0,60;0,000;-0,15;6,02;0,63;0,000;-0,04;6,52;0,65;0,000;-0,01;7,02;0,68;0,000;-0,18;7,52;0,70;0,000;0,00;8,02;0,72;0,000
0,06;3,52;0,50;0,000;-0,48;4,02;0,52;0,017;-0,04;4,52;0,55;0,000;0,00;5,02;0,58;0,017;0,00;5,52;0,60;0,000;-0,18;6,02;0,63;0,000;-0,12;6,52;0,65;0,000;-0,05;7,02;0,68;0,000;-0,14;7,52;0,70;0,000;0,00;8,02;0,72;0,000
0,03;3,52;0,50;0,000;-0,44;4,02;0,52;0,017;-0,01;4,52;0,55;0,000;0,00;5,02;0,58;0,017;0,00;5,52;0,60;0,000;-0,13;6,02;0,63;0,000;-0,22;6,52;0,65;0,000;-0,20;7,02;0,68;0,000;-0,05;7,52;0,70;0,000;0,00;8,02;0,72;0,000
0,02;3,52;0,50;0,000;-0,38;4,02;0,52;0,017;-0,24;4,52;0,55;0,000;0,00;5,02;0,58;0,017;0,00;5,52;0,60;0,000;-0,09;6,02;0,63;0,000;-0,15;6,52;0,65;0,000;-0,16;7,02;0,68;0,000;-0,11;7,52;0,70;0,000;0,00;8,02;0,72;0,000
0,06;3,52;0,50;0,000;-0,39;4,02;0,52;0,017;-0,04;4,52;0,55;0,000;0,00;5,02;0,58;0,017;0,00;5,52;0,60;0,000;-0,04;6,02;0,63;0,000;-0,17;6,52;0,65;0,000;-0,16;7,02;0,68;0,000;-0,15;7,52;0,70;0,000;0,00;8,02;0,72;0,000
0,00;3,52;0,50;0,017;-0,43;4,02;0,52;0,017;0,24;4,52;0,55;0,000;0,00;5,02;0,58;0,017;0,00;5,52;0,60;0,000;-0,14;6,02;0,63;0,000;-0,24;6,52;0,65;0,000;-0,19;7,02;0,68;0,000;-0,11;7,52;0,70;0,000;0,00;8,02;0,72;0,000
0,03;3,52;0,50;0,017;-0,34;4,02;0,52;0,017;0,13;4,52;0,55;0,000;0,00;5,02;0,58;0,017;0,00;5,52;0,60;0,000;-0,10;6,02;0,63;0,000;-0,24;6,52;0,65;0,000;-0,18;7,02;0,68;0,000;-0,10;7,52;0,70;0,000;0,00;8,02;0,72;0,000
0,07;3,52;0,50;0,017;-0,39;4,02;0,52;0,017;0,00;4,52;0,55;0,000;0,00;5,02;0,58;0,017;0,00;5,52;0,60;0,000;-0,13;6,02;0,63;0,000;-0,16;6,52;0,65;0,000;-0,09;7,02;0,68;0,000;-0,08;7,52;0,70;0,000;0,00;8,02;0,72;0,000
0,02;3,52;0,50;0,017;-0,37;4,02;0,52;0,017;0,07;4,52;0,55;0,017;0,00;5,02;0,58;0,017;0,00;5,52;0,60;0,000;-0,11;6,02;0,63;0,000;-0,13;6,52;0,65;0,000;-0,14;7,02;0,68;0,000;-0,17;7,52;0,70;0,000;0,00;8,02;0,72;0,000
0,08;3,52;0,50;0,017;-0,48;4,02;0,52;0,017;0,00;4,52;0,55;0,017;0,00;5,02;0,58;0,017;0,00;5,52;0,60;0,000;-0,14;6,02;0,63;0,000;-0,13;6,52;0,65;0,000;-0,05;7,02;0,68;0,000;-0,12;7,52;0,70;0,000;0,00;8,02;0,72;0,000
0,02;3,52;0,50;0,017;-0,50;4,02;0,52;0,017;-0,20;4,52;0,55;0,017;0,00;5,02;0,58;0,017;0,01;5,52;0,60;0,017;-0,15;6,02;0,63;0,000;-0,14;6,52;0,65;0,000;-0,09;7,02;0,68;0,000;-0,15;7,52;0,70;0,000;0,00;8,02;0,72;0,000
0,04;3,52;0,50;0,017;-0,46;4,02;0,52;0,017;-0,12;4,52;0,55;0,017;0,00;5,02;0,58;0,017;0,09;5,52;0,60;0,017;-0,14;6,02;0,63;0,000;-0,15;6,52;0,65;0,000;-0,09;7,02;0,68;0,000;-0,09;7,52;0,70;0,000;0,00;8,02;0,72;0,000
0,06;3,52;0,50;0,017;-0,48;4,02;0,52;0,035;-0,09;4,52;0,55;0,017;0,00;5,02;0,58;0,017;0,00;5,52;0,60;0,017;-0,12;6,02;0,63;0,017;-0,13;6,52;0,65;0,017;-0,07;7,02;0,68;0,017;-0,06;7,52;0,69;0,000;0,00;8,02;0,72;0,000
0,03;3,52;0,50;0,017;-0,45;4,02;0,52;0,035;-0,06;4,52;0,55;0,035;0,00;5,02;0,58;0,017;-0,02;5,52;0,60;0,017;-0,13;6,02;0,63;0,017;-0,14;6,52;0,65;0,017;-0,13;7,02;0,68;0,140;-0,05;7,52;0,69;0,017;0,00;8,02;0,72;0,000
0,07;3,52;0,49;0,017;-0,41;4,02;0,52;0,436;-0,10;4,52;0,55;0,262;0,00;5,02;0,58;0,017;0,02;5,52;0,60;0,017;0,02;6,02;0,63;0,017;-0,06;6,52;0,65;0,070;-0,21;7,02;0,68;0,209;-0,03;7,52;0,69;0,017;0,00;8,02;0,72;0,000
-0,02;3,52;0,49;0,017;-0,37;4,02;0,52;0,803;0,05;4,52;0,55;0,506;0,00;5,02;0,58;0,017;-0,01;5,52;0,60;0,017;-0,08;6,02;0,63;0,017;-0,08;6,52;0,65;0,227;-0,18;7,02;0,68;0,244;-0,06;7,52;0,69;0,017;0,00;8,02;0,72;0,000
0,05;3,52;0,50;0,017;-0,41;4,02;0,52;1,274;0,23;4,52;0,55;0,785;0,00;5,02;0,58;0,017;0,01;5,52;0,60;0,017;-0,02;6,02;0,63;0,017;-0,10;6,52;0,65;0,227;-0,13;7,02;0,68;0,262;-0,04;7,52;0,69;0,017;0,00;8,02;0,72;0,000
0,01;3,52;0,50;0,017;-0,46;4,02;0,52;1,693;0,17;4,52;0,55;1,012;0,00;5,02;0,58;0,017;-0,06;5,52;0,60;0,017;-0,04;6,02;0,63;0,017;-0,25;6,52;0,65;0,244;-0,19;7,02;0,68;0,314;-0,01;7,52;0,69;0,017;0,00;8,02;0,72;0,000
0,06;3,52;0,49;0,017;-0,43;4,02;0,52;2,112;0,20;4,52;0,55;1,204;0,00;5,02;0,58;0,017;-0,22;5,52;0,60;0,017;-0,07;6,02;0,63;0,017;-0,21;6,52;0,65;0,244;-0,10;7,02;0,68;0,419;-0,02;7,52;0,69;0,017;0,00;8,02;0,72;0,000
0,08;3,52;0,49;0,017;-0,37;4,02;0,52;2,531;0,13;4,52;0,55;1,431;-0,05;5,02;0,58;0,017;-0,18;5,52;0,60;0,017;-0,05;6,02;0,63;0,017;-0,09;6,52;0,65;0,262;-0,15;7,02;0,68;0,559;-0,06;7,52;0,69;0,017;0,00;8,02;0,71;0,000
0,06;3,52;0,49;0,017;-0,38;4,02;0,52;2,932;0,10;4,52;0,55;1,728;-0,05;5,02;0,58;0,017;-0,14;5,52;0,60;0,017;-0,07;6,02;0,63;0,017;-0,08;6,52;0,65;0,262;-0,12;7,02;0,68;0,733;-0,01;7,52;0,69;0,035;0,00;8,02;0,71;0,000
-0,03;3,52;0,50;0,017;-0,39;4,02;0,52;3,281;0,03;4,52;0,55;2,059;-0,12;5,02;0,58;0,017;-0,07;5,52;0,60;0,017;-0,10;6,02;0,63;0,035;-0,09;6,52;0,65;0,262;-0,20;7,02;0,68;0,977;0,01;7,52;0,69;0,087;0,00;8,02;0,71;0,000
0,02;3,52;0,49;0,017;-0,42;4,02;0,52;3,630;0,08;4,52;0,55;2,409;-0,04;5,02;0,58;0,017;-0,09;5,52;0,60;0,017;-0,09;6,02;0,63;0,035;-0,27;6,52;0,65;0,262;-0,21;7,02;0,68;1,292;-0,05;7,52;0,69;0,436;0,00;8,02;0,71;0,000
-0,01;3,52;0,49;0,017;-0,40;4,02;0,52;3,979;0,13;4,52;0,55;2,775;-0,01;5,02;0,58;0,017;-0,07;5,52;0,60;0,017;-0,04;6,02;0,63;0,035;-0,03;6,52;0,65;0,332;-0,16;7,02;0,67;1,606;0,05;7,52;0,69;0,663;0,00;8,02;0,71;0,000
0,04;3,52;0,49;0,017;-0,46;4,02;0,52;4,346;0,18;4,52;0,55;3,124;-0,22;5,02;0,58;0,017;-0,14;5,52;0,60;0,017;0,01;6,02;0,63;0,192;-0,12;6,52;0,65;0,506;-0,25;7,02;0,67;1,902;-0,10;7,52;0,69;0,873;0,00;8,02;0,71;0,000
0,07;3,52;0,49;0,017;-0,51;4,02;0,52;4,660;0,15;4,52;0,55;3,473;-0,24;5,02;0,58;0,017;-0,15;5,52;0,60;0,017;-0,04;6,02;0,63;0,349;-0,17;6,52;0,65;0,663;-0,29;7,02;0,67;2,129;-0,05;7,52;0,69;1,047;0,00;8,02;0,71;0,000
0,10;3,52;0,49;0,017;-0,37;4,02;0,52;4,922;0,21;4,52;0,55;3,805;-0,09;5,02;0,58;0,017;-0,07;5,52;0,60;0,017;-0,20;6,02;0,63;0,593;-0,19;6,52;0,65;0,768;-0,22;7,02;0,67;2,374;-0,04;7,52;0,69;1,222;0,00;8,02;0,71;0,000
0,10;3,52;0,49;0,017;-0,33;4,02;0,52;5,184;0,24;4,52;0,55;4,067;-0,07;5,02;0,58;0,017;-0,11;5,52;0,60;0,017;-0,16;6,02;0,63;0,820;-0,18;6,52;0,65;0,838;-0,22;7,02;0,67;2,601;-0,06;7,52;0,69;1,379;0,00;8,02;0,71;0,000
0,06;3,52;0,49;0,017;-0,30;4,02;0,52;5,411;0,21;4,52;0,55;4,311;-0,08;5,02;0,58;0,017;-0,02;5,52;0,60;0,017;0,02;6,02;0,63;1,030;-0,09;6,52;0,65;0,873;-0,34;7,02;0,67;2,862;-0,05;7,52;0,69;1,553;-0,13;8,02;0,71;0,000
0,07;3,52;0,49;0,017;-0,33;4,02;0,52;5,620;0,18;4,52;0,55;4,520;-0,14;5,02;0,58;0,017;0,00;5,52;0,60;0,017;-0,04;6,02;0,63;1,257;-0,01;6,52;0,65;0,995;-0,27;7,02;0,67;3,124;-0,04;7,52;0,69;1,728;-0,09;8,02;0,71;0,000
0,15;3,52;0,49;0,017;-0,57;4,02;0,52;5,847;0,24;4,52;0,55;4,695;-0,08;5,02;0,58;0,017;-0,02;5,52;0,60;0,017;-0,03;6,02;0,63;1,466;-0,11;6,52;0,65;1,065;-0,26;7,02;0,67;3,421;-0,11;7,52;0,69;1,937;-0,12;8,02;0,71;0,000
0,08;3,52;0,49;0,017;-0,55;4,02;0,52;6,126;0,27;4,52;0,55;4,904;-0,04;5,02;0,58;0,017;-0,10;5,52;0,60;0,017;-0,06;6,02;0,63;1,676;-0,07;6,52;0,65;1,117;-0,31;7,02;0,67;3,665;-0,03;7,52;0,69;2,129;-0,09;8,02;0,71;0,000
0,13;3,52;0,49;0,017;-0,50;4,02;0,52;6,388;0,20;4,52;0,55;5,096;-0,08;5,02;0,58;0,017;0,03;5,52;0,60;0,017;-0,12;6,02;0,63;1,868;-0,07;6,52;0,65;1,169;-0,19;7,02;0,67;3,875;-0,03;7,52;0,69;2,286;-0,14;8,02;0,71;0,000
0,10;3,52;0,49;0,017;-0,53;4,02;0,52;6,632;-0,03;4,52;0,55;5,288;-0,10;5,02;0,58;0,017;0,03;5,52;0,60;0,035;-0,19;6,02;0,63;2,077;0,03;6,52;0,65;1,222;-0,25;7,02;0,67;4,049;-0,12;7,52;0,69;2,426;-0,11;8,02;0,71;0,000
0,08;3,52;0,49;0,017;-0,45;4,02;0,52;6,824;0,06;4,52;0,55;5,480;0,01;5,02;0,58;0,017;0,03;5,52;0,60;0,035;-0,13;6,02;0,63;2,339;-0,02;6,52;0,65;1,309;-0,22;7,02;0,67;4,224;-0,16;7,52;0,69;2,583;-0,05;8,02;0,71;0,000
0,15;3,52;0,49;0,035;-0,48;4,02;0,52;7,016;0,24;4,52;0,55;5,672;-0,05;5,02;0,58;0,035;-0,06;5,52;0,60;0,035;-0,05;6,02;0,63;2,653;-0,01;6,52;0,65;1,396;-0,28;7,02;0,67;4,381;-0,17;7,52;0,69;2,758;-0,06;8,02;0,71;0,000
0,18;3,52;0,49;0,262;-0,46;4,02;0,52;7,226;0,12;4,52;0,55;5,917;-0,06;5,02;0,58;0,035;-0,02;5,52;0,60;0,035;0,00;6,02;0,63;3,002;-0,03;6,52;0,65;1,518;-0,24;7,02;0,67;4,538;-0,19;7,52;0,69;2,950;-0,04;8,02;0,71;0,000
0,10;3,52;0,49;0,541;-0,47;4,02;0,52;7,435;-0,01;4,52;0,55;6,178;2,75E-4;5,02;0,58;0,035;-0,04;5,52;0,60;0,035;0,00;6,02;0,63;3,316;-0,10;6,52;0,65;1,623;-0,19;7,02;0,67;4,765;-0,04;7,52;0,69;3,159;-0,11;8,02;0,71;0,000
0,07;3,52;0,49;0,873;-0,47;4,02;0,52;7,662;-0,01;4,52;0,55;6,423;0,08;5,02;0,58;0,035;-0,03;5,52;0,60;0,035;0,03;6,02;0,63;3,630;-0,09;6,52;0,65;1,728;-0,19;7,02;0,67;5,044;-0,04;7,52;0,69;3,351;-0,11;8,02;0,71;0,000
0,12;3,52;0,49;1,222;-0,49;4,02;0,52;7,889;0,22;4,52;0,55;6,702;-0,05;5,02;0,58;0,035;-0,03;5,52;0,60;0,052;-0,06;6,02;0,63;3,944;-0,14;6,52;0,65;1,850;-0,23;7,02;0,67;5,306;-0,19;7,52;0,69;3,543;-0,23;8,02;0,71;0,000
0,09;3,52;0,49;1,553;-0,45;4,02;0,52;8,133;0,27;4,52;0,55;6,999;-0,05;5,02;0,58;0,140;0,02;5,52;0,60;0,209;-0,16;6,02;0,63;4,276;-0,14;6,52;0,65;1,955;-0,23;7,02;0,67;5,585;-0,14;7,52;0,69;3,718;-0,20;8,02;0,71;0,000
0,07;3,52;0,49;1,868;-0,40;4,02;0,52;8,378;0,19;4,52;0,55;7,313;-0,05;5,02;0,58;0,314;0,07;5,52;0,60;0,436;-0,18;6,02;0,63;4,573;0,01;6,52;0,65;2,077;-0,34;7,02;0,67;5,864;-0,15;7,52;0,69;3,875;-0,12;8,02;0,71;0,017
0,10;3,52;0,49;2,217;-0,36;4,02;0,52;8,639;0,24;4,52;0,55;7,610;-0,03;5,02;0,58;0,419;0,02;5,52;0,60;0,716;-0,27;6,02;0,63;4,904;-0,14;6,52;0,65;2,217;-0,33;7,02;0,67;6,126;-0,14;7,52;0,69;4,032;-0,12;8,02;0,71;0,017
0,13;3,52;0,49;2,548;-0,41;4,02;0,52;8,884;0,28;4,52;0,55;7,906;0,02;5,02;0,58;0,506;-0,03;5,52;0,60;1,030;-0,36;6,02;0,63;5,219;-0,05;6,52;0,65;2,374;-0,26;7,02;0,67;6,353;-0,12;7,52;0,69;4,206;-0,15;8,02;0,71;0,017
0,11;3,52;0,49;2,880;-0,36;4,02;0,52;9,128;0,24;4,52;0,55;8,238;0,01;5,02;0,58;0,576;-0,04;5,52;0,60;1,396;-0,32;6,02;0,63;5,498;-0,04;6,52;0,65;2,531;-0,30;7,02;0,67;6,562;-0,08;7,52;0,69;4,451;-0,19;8,02;0,71;0,017
0,12;3,52;0,49;3,211;-0,37;4,02;0,52;9,338;0,33;4,52;0,55;8,587;0,02;5,02;0,58;0,681;-4,12E-4;5,52;0,60;1,728;-0,29;6,02;0,63;5,742;-0,14;6,52;0,65;2,670;-0,32;7,02;0,67;6,772;-0,10;7,52;0,69;4,730;-0,19;8,02;0,71;0,017
0,13;3,52;0,49;3,560;-0,34;4,02;0,52;9,564;0,30;4,52;0,55;8,919;0,00;5,02;0,58;0,785;-0,04;5,52;0,60;2,007;-0,29;6,02;0,63;6,004;-0,22;6,52;0,65;2,740;-0,31;7,02;0,67;6,981;-0,08;7,52;0,69;4,992;-0,18;8,02;0,71;0,017
0,13;3,52;0,49;3,927;-0,35;4,02;0,52;9,809;0,25;4,52;0,55;9,250;0,01;5,02;0,58;0,908;-0,02;5,52;0,60;2,251;-0,24;6,02;0,63;6,283;-0,12;6,52;0,65;2,758;-0,29;7,02;0,67;7,191;-0,11;7,52;0,69;5,236;-0,23;8,02;0,71;0,017
0,10;3,52;0,49;4,294;-0,34;4,02;0,52;10,071;0,23;4,52;0,55;9,599;-0,03;5,02;0,58;1,012;0,03;5,52;0,60;2,461;-0,26;6,02;0,63;6,580;-0,07;6,52;0,65;2,775;-0,24;7,02;0,67;7,383;-0,09;7,52;0,69;5,480;-0,15;8,02;0,71;0,017
0,14;3,52;0,49;4,643;-0,31;4,02;0,52;10,332;0,29;4,52;0,55;9,931;0,02;5,02;0,58;1,134;-0,02;5,52;0,60;2,618;-0,28;6,02;0,63;6,877;-0,07;6,52;0,65;2,775;-0,19;7,02;0,67;7,592;-0,11;7,52;0,69;5,725;-0,08;8,02;0,71;0,035
0,10;3,52;0,49;4,992;-0,36;4,02;0,52;10,594;0,32;4,52;0,55;10,228;0,10;5,02;0,58;1,257;-0,03;5,52;0,60;2,793;-0,23;6,02;0,63;7,173;-0,16;6,52;0,65;2,775;-0,31;7,02;0,67;7,837;-0,12;7,52;0,69;5,934;-0,12;8,02;0,71;0,035
0,10;3,52;0,49;5,323;-0,41;4,02;0,52;10,838;0,33;4,52;0,55;10,489;0,02;5,02;0,58;1,361;-0,10;5,52;0,60;3,002;-0,25;6,02;0,63;7,470;-0,09;6,52;0,65;2,793;-0,27;7,02;0,67;8,081;-0,14;7,52;0,69;6,196;-0,06;8,02;0,71;0,035
0,03;3,52;0,49;5,655;-0,40;4,02;0,52;11,100;0,31;4,52;0,55;10,716;0,05;5,02;0,58;1,449;-0,11;5,52;0,60;3,211;-0,25;6,02;0,63;7,767;-0,12;6,52;0,65;2,810;-0,21;7,02;0,67;8,290;-0,11;7,52;0,69;6,458;-0,06;8,02;0,71;0,209
0,06;3,52;0,49;5,969;-0,41;4,02;0,52;11,362;0,34;4,52;0,55;10,891;0,06;5,02;0,58;1,518;-0,13;5,52;0,60;3,403;-0,22;6,02;0,63;8,098;-0,14;6,52;0,65;2,880;-0,20;7,02;0,67;8,517;-0,10;7,52;0,69;6,737;-0,05;8,02;0,71;0,541
0,14;3,52;0,49;6,266;-0,35;4,02;0,52;11,624;0,33;4,52;0,55;11,030;0,03;5,02;0,58;1,588;-0,14;5,52;0,60;3,613;-0,34;6,02;0,63;8,447;-0,20;6,52;0,65;2,967;-0,18;7,02;0,67;8,762;-0,11;7,52;0,69;6,999;-0,14;8,02;0,71;1,030
0,17;3,52;0,49;6,528;-0,27;4,02;0,52;11,851;0,34;4,52;0,55;11,135;0,03;5,02;0,58;1,623;-0,11;5,52;0,60;3,822;-0,32;6,02;0,63;8,796;-0,28;6,52;0,65;3,089;-0,14;7,02;0,67;9,006;-0,01;7,52;0,69;7,261;-0,03;8,02;0,71;1,518
0,07;3,52;0,49;6,772;-0,35;4,02;0,52;12,078;0,33;4,52;0,55;11,240;-0,01;5,02;0,58;1,641;-0,10;5,52;0,60;4,067;-0,37;6,02;0,63;9,128;-0,17;6,52;0,65;3,229;-0,19;7,02;0,67;9,215;-0,12;7,52;0,69;7,505;0,01;8,02;0,71;1,920
0,12;3,52;0,49;6,999;-0,34;4,02;0,52;12,339;0,33;4,52;0,55;11,380;-0,05;5,02;0,58;1,658;-0,11;5,52;0,60;4,346;-0,30;6,02;0,63;9,442;-0,09;6,52;0,65;3,386;-0,16;7,02;0,67;9,442;-0,09;7,52;0,69;7,714;-0,01;8,02;0,71;2,251
0,15;3,52;0,49;7,208;-0,36;4,02;0,52;12,566;0,31;4,52;0,55;11,554;-0,04;5,02;0,58;1,676;-0,04;5,52;0,60;4,660;-0,37;6,02;0,63;9,739;-0,09;6,52;0,65;3,543;-0,25;7,02;0,67;9,704;-0,11;7,52;0,69;7,871;0,01;8,02;0,71;2,531
0,18;3,52;0,49;7,383;-0,34;4,02;0,52;12,758;0,36;4,52;0,55;11,729;0,03;5,02;0,58;1,745;0,03;5,52;0,60;4,992;-0,24;6,02;0,63;10,036;-0,01;6,52;0,65;3,700;-0,20;7,02;0,67;9,983;-0,07;7,52;0,69;8,029;-0,14;8,02;0,71;2,775
0,19;3,52;0,49;7,522;-0,38;4,02;0,52;12,915;0,26;4,52;0,55;11,921;0,06;5,02;0,58;1,868;0,02;5,52;0,60;5,288;-0,24;6,02;0,63;10,280;-0,08;6,52;0,65;3,840;-0,13;7,02;0,67;10,263;-0,03;7,52;0,69;8,186;-0,12;8,02;0,71;2,950
0,17;3,52;0,49;7,645;-0,29;4,02;0,52;13,038;0,38;4,52;0,55;12,095;0,04;5,02;0,58;2,007;-0,02;5,52;0,60;5,550;-0,31;6,02;0,63;10,489;-0,11;6,52;0,65;3,997;-0,16;7,02;0,67;10,507;-0,09;7,52;0,69;8,325;-0,08;8,02;0,71;3,107
0,17;3,52;0,49;7,749;-0,38;4,02;0,52;13,125;0,32;4,52;0,55;12,287;0,04;5,02;0,58;2,112;0,03;5,52;0,60;5,794;-0,30;6,02;0,63;10,751;-0,05;6,52;0,65;4,154;-0,10;7,02;0,67;10,769;0,00;7,52;0,69;8,500;-0,05;8,02;0,71;3,316
0,11;3,52;0,49;7,854;-0,23;4,02;0,52;13,195;0,34;4,52;0,55;12,497;0,02;5,02;0,58;2,182;0,04;5,52;0,60;6,021;-0,37;6,02;0,63;10,978;-0,15;6,52;0,65;4,328;-0,09;7,02;0,67;11,030;0,02;7,52;0,69;8,692;-0,12;8,02;0,71;3,578
0,15;3,52;0,49;7,941;-0,30;4,02;0,52;13,265;0,36;4,52;0,55;12,723;0,01;5,02;0,58;2,269;0,05;5,52;0,60;6,196;-0,32;6,02;0,63;11,188;-0,08;6,52;0,65;4,520;-0,08;7,02;0,67;11,310;-0,09;7,52;0,69;8,919;-0,15;8,02;0,71;3,857
0,21;3,52;0,49;8,029;-0,14;4,02;0,52;13,334;0,31;4,52;0,55;12,985;-0,03;5,02;0,58;2,356;-0,07;5,52;0,60;6,353;-0,18;6,02;0,63;11,327;-0,07;6,52;0,65;4,712;-0,01;7,02;0,67;11,554;-0,09;7,52;0,69;9,163;-0,08;8,02;0,71;4,154
0,19;3,52;0,49;8,168;-0,18;4,02;0,52;13,422;0,35;4,52;0,55;13,230;-0,01;5,02;0,58;2,426;-0,06;5,52;0,60;6,510;-0,21;6,02;0,63;11,449;-0,03;6,52;0,65;4,922;0,01;7,02;0,67;11,781;-0,05;7,52;0,69;9,442;-0,14;8,02;0,71;4,451
0,20;3,52;0,49;8,325;-0,26;4,02;0,52;13,544;0,29;4,52;0,55;13,439;0,00;5,02;0,58;2,478;0,04;5,52;0,60;6,667;-0,29;6,02;0,63;11,572;-0,17;6,52;0,65;5,114;0,06;7,02;0,67;12,025;0,00;7,52;0,69;9,756;-0,12;8,02;0,71;4,712
0,15;3,52;0,49;8,535;-0,22;4,02;0,52;13,614;0,38;4,52;0,55;13,614;0,03;5,02;0,58;2,513;0,02;5,52;0,60;6,842;-0,26;6,02;0,63;11,676;-0,14;6,52;0,65;5,341;0,13;7,02;0,67;12,270;-0,06;7,52;0,69;10,088;-0,07;8,02;0,71;4,974
0,23;3,52;0,49;8,762;-0,09;4,02;0,52;13,701;0,43;4,52;0,55;13,806;0,04;5,02;0,58;2,531;-0,01;5,52;0,60;6,999;-0,28;6,02;0,63;11,746;0,03;6,52;0,65;5,550;0,15;7,02;0,67;12,514;0,03;7,52;0,69;10,385;-0,04;8,02;0,71;5,219
0,16;3,52;0,49;8,971;-0,10;4,02;0,52;13,806;0,49;4,52;0,55;13,980;0,05;5,02;0,58;2,566;0,02;5,52;0,60;7,156;-0,19;6,02;0,63;11,798;0,02;6,52;0,65;5,725;0,26;7,02;0,67;12,741;0,05;7,52;0,69;10,664;0,00;8,02;0,71;5,445
0,25;3,52;0,49;9,180;-0,10;4,02;0,52;13,945;0,55;4,52;0,55;14,155;-0,03;5,02;0,58;2,635;0,03;5,52;0,60;7,313;-0,13;6,02;0,63;11,851;-0,09;6,52;0,65;5,882;0,41;7,02;0,67;12,968;0,11;7,52;0,69;10,891;-0,04;8,02;0,71;5,637
0,18;3,52;0,49;9,355;-0,06;4,02;0,52;14,085;0,77;4,52;0,55;14,347;0,02;5,02;0,58;2,723;0,11;5,52;0,60;7,470;-0,07;6,02;0,63;11,921;-0,13;6,52;0,65;6,039;0,48;7,02;0,67;13,195;0,09;7,52;0,69;11,100;-0,02;8,02;0,71;5,899
0,08;3,52;0,49;9,512;0,01;4,02;0,52;14,277;0,84;4,52;0,55;14,504;-0,03;5,02;0,58;2,845;0,07;5,52;0,60;7,679;-0,06;6,02;0,63;11,990;-0,11;6,52;0,65;6,161;0,74;7,02;0,67;13,387;0,11;7,52;0,69;11,257;-0,02;8,02;0,71;6,318
0,11;3,52;0,49;9,652;0,16;4,02;0,52;14,469;1,26;4,52;0,55;14,678;-0,03;5,02;0,58;2,932;0,11;5,52;0,60;7,906;-0,11;6,02;0,63;12,078;-0,10;6,52;0,65;6,266;0,97;7,02;0,67;13,596;0,08;7,52;0,69;11,397;-0,10;8,02;0,71;6,632
0,05;3,52;0,49;9,756;0,23;4,02;0,52;14,626;1,51;4,52;0,55;14,853;0,00;5,02;0,58;3,054;0,03;5,52;0,60;8,168;-0,02;6,02;0,63;12,200;-0,04;6,52;0,65;6,318;1,16;7,02;0,67;13,788;0,13;7,52;0,69;11,537;-0,12;8,02;0,71;6,912
0,13;3,52;0,49;9,879;0,49;4,02;0,52;14,818;2,09;4,52;0,55;15,027;0,10;5,02;0,58;3,159;0,06;5,52;0,60;8,482;-0,02;6,02;0,63;12,357;-0,17;6,52;0,65;6,336;1,75;7,02;0,67;13,998;0,26;7,52;0,69;11,659;-0,07;8,02;0,71;7,208
0,07;3,52;0,49;9,966;0,67;4,02;0,52;14,975;2,55;4,52;0,55;15,184;0,10;5,02;0,58;3,264;0,03;5,52;0,60;8,814;-0,06;6,02;0,63;12,531;-0,15;6,52;0,65;6,336;2,11;7,02;0,67;14,224;0,16;7,52;0,69;11,798;-0,14;8,02;0,71;7,540
0,07;3,52;0,49;10,088;1,33;4,02;0,52;15,132;3,65;4,52;0,55;15,341;0,07;5,02;0,58;3,368;0,05;5,52;0,60;9,146;-0,07;6,02;0,63;12,706;-0,07;6,52;0,65;6,353;3,00;7,02;0,67;14,416;0,30;7,52;0,69;11,973;-0,18;8,02;0,71;7,819
0,04;3,52;0,49;10,210;1,54;4,02;0,52;15,272;4,33;4,52;0,55;15,499;0,11;5,02;0,58;3,456;0,11;5,52;0,60;9,460;0,00;6,02;0,63;12,881;0,02;6,52;0,65;6,370;3,68;7,02;0,67;14,573;0,29;7,52;0,69;12,165;-0,16;8,02;0,71;8,116
0,00;3,52;0,49;10,350;2,50;4,02;0,52;15,429;5,17;4,52;0,55;15,638;0,14;5,02;0,58;3,526;0,14;5,52;0,60;9,739;0,14;6,02;0,63;13,055;0,05;6,52;0,65;6,405;5,23;7,02;0,67;14,748;0,36;7,52;0,69;12,392;-0,10;8,02;0,71;8,412
0,03;3,52;0,49;10,524;3,15;4,02;0,52;15,568;7,23;4,52;0,55;15,813;0,12;5,02;0,58;3,595;0,08;5,52;0,60;10,036;0,12;6,02;0,63;13,212;-0,03;6,52;0,65;6,493;6,23;7,02;0,67;14,992;0,43;7,52;0,69;12,636;-0,03;8,02;0,71;8,709
0,06;3,52;0,49;10,716;4,85;4,02;0,52;15,673;8,51;4,52;0,55;15,952;0,09;5,02;0,58;3,683;0,08;5,52;0,60;10,332;0,17;6,02;0,63;13,387;-0,13;6,52;0,65;6,597;8,96;7,02;0,67;15,202;0,58;7,52;0,69;12,915;-0,13;8,02;0,71;8,971
0,06;3,52;0,49;10,908;5,65;4,02;0,52;15,795;11,34;4,52;0,55;16,127;0,08;5,02;0,58;3,787;0,09;5,52;0,60;10,612;0,21;6,02;0,63;13,579;-0,12;6,52;0,65;6,720;10,96;7,02;0,67;15,429;0,75;7,52;0,69;13,177;-0,04;8,02;0,71;9,198
0,09;3,52;0,49;11,100;6,46;4,02;0,52;15,882;12,87;4,52;0,55;16,301;0,04;5,02;0,58;3,927;0,11;5,52;0,60;10,891;0,69;6,02;0,63;13,806;-0,07;6,52;0,65;6,859;16,34;7,02;0,67;15,638;1,25;7,52;0,69;13,456;0,01;8,02;0,71;9,390
0,05;3,52;0,49;11,292;8,26;4,02;0,52;15,970;15,84;4,52;0,55;16,458;0,02;5,02;0,58;4,102;0,15;5,52;0,60;11,170;0,82;6,02;0,63;13,998;-0,08;6,52;0,65;7,016;19,78;7,02;0,67;15,813;1,48;7,52;0,69;13,736;0,05;8,02;0,71;9,599
-0,01;3,52;0,49;11,449;9,23;4,02;0,52;16,074;17,04;4,52;0,55;16,633;0,04;5,02;0,58;4,294;0,01;5,52;0,60;11,484;1,01;6,02;0,63;14,207;-0,08;6,52;0,65;7,208;23,49;7,02;0,67;15,970;1,73;7,52;0,69;13,998;0,08;8,02;0,71;9,791
0,04;3,52;0,49;11,624;10,78;4,02;0,52;16,162;18,28;4,52;0,55;16,860;0,03;5,02;0,58;4,520;0,06;5,52;0,60;11,781;1,58;6,02;0,63;14,399;0,03;6,52;0,65;7,383;31,20;7,02;0,67;16,127;2,71;7,52;0,69;14,259;0,06;8,02;0,71;9,983
-0,02;3,52;0,49;11,816;11,67;4,02;0,52;16,232;18,15;4,52;0,55;17,122;-0,03;5,02;0,58;4,765;0,07;5,52;0,60;12,060;2,02;6,02;0,63;14,591;-0,02;6,52;0,65;7,557;34,76;7,02;0,67;16,266;3,38;7,52;0,69;14,486;0,10;8,02;0,71;10,193
-0,01;3,52;0,49;12,025;12,80;4,02;0,52;16,319;17,13;4,52;0,55;17,383;-0,03;5,02;0,58;5,027;0,10;5,52;0,60;12,322;3,01;6,02;0,63;14,765;0,00;6,52;0,65;7,749;40,47;7,02;0,67;16,424;5,50;7,52;0,69;14,696;0,18;8,02;0,71;10,420
0,05;3,52;0,49;12,217;13,25;4,02;0,52;16,389;13,65;4,52;0,55;17,610;-0,06;5,02;0,58;5,236;0,09;5,52;0,60;12,566;3,67;6,02;0,63;14,957;0,07;6,52;0,65;7,906;42,33;7,02;0,67;16,581;6,76;7,52;0,69;14,905;0,18;8,02;0,71;10,664
0,07;3,52;0,49;12,409;13,85;4,02;0,52;16,458;11,58;4,52;0,55;17,820;-0,01;5,02;0,58;5,445;0,19;5,52;0,60;12,793;5,40;6,02;0,63;15,115;-0,02;6,52;0,65;8,063;43,38;7,02;0,67;16,790;10,15;7,52;0,69;15,132;0,19;8,02;0,71;10,943
0,09;3,52;0,49;12,584;14,17;4,02;0,52;16,528;7,81;4,52;0,55;17,994;0,06;5,02;0,58;5,603;0,20;5,52;0,60;13,003;6,48;6,02;0,63;15,254;0,11;6,52;0,65;8,220;42,61;7,02;0,67;16,982;12,35;7,52;0,69;15,394;0,29;8,02;0,71;11,205
0,11;3,52;0,49;12,723;14,37;4,02;0,52;16,616;6,30;4,52;0,55;18,134;0,02;5,02;0,58;5,794;0,37;5,52;0,60;13,212;9,24;6,02;0,63;15,394;0,01;6,52;0,65;8,395;37,20;7,02;0,67;17,191;18,59;7,52;0,69;15,673;0,36;8,02;0,71;11,467
0,09;3,52;0,49;12,898;14,29;4,02;0,52;16,685;3,87;4,52;0,55;18,274;0,09;5,02;0,58;5,952;0,43;5,52;0,60;13,387;10,77;6,02;0,63;15,551;-0,03;6,52;0,65;8,552;33,39;7,02;0,67;17,366;22,96;7,52;0,69;15,952;0,47;8,02;0,71;11,746
0,10;3,52;0,49;13,073;14,09;4,02;0,52;16,738;2,84;4,52;0,55;18,396;0,10;5,02;0,58;6,074;0,43;5,52;0,60;13,544;14,23;6,02;0,63;15,691;0,11;6,52;0,65;8,727;29,31;7,02;0,67;17,541;33,69;7,52;0,69;16,197;0,49;8,02;0,71;12,025
0,03;3,52;0,49;13,282;13,46;4,02;0,52;16,808;1,50;4,52;0,55;18,518;0,09;5,02;0,58;6,196;0,73;5,52;0,60;13,701;16,25;6,02;0,63;15,848;0,09;6,52;0,65;8,954;21,23;7,02;0,67;17,698;38,88;7,52;0,69;16,406;0,61;8,02;0,71;12,287
0,06;3,52;0,49;13,526;13,06;4,02;0,52;16,930;1,19;4,52;0,55;18,640;0,11;5,02;0,58;6,353;0,79;5,52;0,60;13,858;18,59;6,02;0,63;16,005;0,06;6,52;0,65;9,180;17,84;7,02;0,67;17,837;42,68;7,52;0,69;16,581;0,76;8,02;0,71;12,566
0,15;3,52;0,49;13,736;11,90;4,02;0,52;17,069;0,76;4,52;0,55;18,815;0,17;5,02;0,58;6,510;1,04;5,52;0,60;13,980;23,56;6,02;0,63;16,144;0,05;6,52;0,65;9,407;12,32;7,02;0,67;17,925;45,28;7,52;0,69;16,755;0,98;8,02;0,71;12,776
0,22;3,52;0,49;13,928;11,16;4,02;0,52;17,209;0,64;4,52;0,55;19,007;0,07;5,02;0,58;6,667;1,14;5,52;0,60;14,102;26,17;6,02;0,63;16,301;0,01;6,52;0,65;9,617;10,13;7,02;0,67;17,994;44,41;7,52;0,69;16,895;1,21;8,02;0,71;12,968
0,19;3,52;0,49;14,155;9,44;4,02;0,52;17,383;0,58;4,52;0,55;19,181;0,04;5,02;0,58;6,859;1,57;5,52;0,60;14,207;30,48;6,02;0,63;16,441;0,06;6,52;0,65;9,861;7,02;7,02;0,67;18,099;39,56;7,52;0,69;17,017;1,49;8,02;0,71;13,142
0,18;3,52;0,49;14,382;8,41;4,02;0,52;17,541;0,49;4,52;0,55;19,356;0,12;5,02;0,58;7,086;1,78;5,52;0,60;14,312;31,70;6,02;0,63;16,563;0,03;6,52;0,65;10,053;5,79;7,02;0,67;18,204;36,47;7,52;0,69;17,139;1,69;8,02;0,71;13,282
0,29;3,52;0,49;14,556;7,22;4,02;0,52;17,680;0,42;4,52;0,55;19,513;0,10;5,02;0,58;7,330;2,16;5,52;0,60;14,434;32,66;6,02;0,63;16,703;0,03;6,52;0,65;10,193;3,67;7,02;0,67;18,309;30,36;7,52;0,69;17,261;2,27;8,02;0,71;13,422
0,30;3,52;0,49;14,731;5,20;4,02;0,52;17,820;0,37;4,52;0,55;19,652;0,11;5,02;0,58;7,557;2,46;5,52;0,60;14,556;32,35;6,02;0,63;16,860;0,06;6,52;0,65;10,297;2,71;7,02;0,67;18,448;27,10;7,52;0,69;17,418;2,56;8,02;0,71;13,544
0,66;3,52;0,49;14,870;4,15;4,02;0,52;17,925;0,34;4,52;0,55;19,792;0,15;5,02;0,58;7,784;3,06;5,52;0,60;14,678;29,95;6,02;0,63;17,000;0,00;6,52;0,65;10,385;1,40;7,02;0,67;18,623;20,85;7,52;0,69;17,541;3,10;8,02;0,71;13,683
0,75;3,52;0,49;15,045;2,47;4,02;0,52;18,012;0,35;4,52;0,55;19,932;0,13;5,02;0,58;8,011;3,48;5,52;0,60;14,835;27,94;6,02;0,63;17,157;0,00;6,52;0,65;10,507;0,95;7,02;0,67;18,815;17,99;7,52;0,69;17,680;3,38;8,02;0,71;13,858
1,09;3,52;0,49;15,202;2,14;4,02;0,52;18,117;0,37;4,52;0,55;20,089;0,11;5,02;0,58;8,273;4,52;5,52;0,60;14,992;25,68;6,02;0,63;17,314;0,06;6,52;0,65;10,559;0,72;7,02;0,67;19,007;15,44;7,52;0,69;17,820;4,23;8,02;0,71;14,050
1,33;3,52;0,49;15,359;1,15;4,02;0,52;18,204;0,35;4,52;0,55;20,281;0,03;5,02;0,58;8,517;5,26;5,52;0,60;15,167;20,60;6,02;0,63;17,488;0,03;6,52;0,65;10,577;0,32;7,02;0,67;19,199;11,09;7,52;0,69;17,942;4,76;8,02;0,71;14,224
1,87;3,52;0,49;15,533;0,79;4,02;0,52;18,291;0,33;4,52;0,55;20,455;0,11;5,02;0,58;8,762;6,15;5,52;0,60;15,341;17,99;6,02;0,63;17,645;-0,04;6,52;0,65;10,612;0,25;7,02;0,67;19,356;9,21;7,52;0,69;18,082;6,35;8,02;0,71;14,434
2,20;3,52;0,49;15,708;0,30;4,02;0,52;18,361;0,32;4,52;0,55;20,665;0,10;5,02;0,58;8,988;8,76;5,52;0,60;15,551;13,07;6,02;0,63;17,837;0,07;6,52;0,65;10,629;0,16;7,02;0,67;19,495;5,80;7,52;0,69;18,239;7,41;8,02;0,71;14,643
3,38;3,52;0,49;15,882;0,13;4,02;0,52;18,483;0,31;4,52;0,55;20,892;0,07;5,02;0,58;9,215;10,48;5,52;0,60;15,778;10,95;6,02;0,63;18,029;0,05;6,52;0,65;10,629;0,08;7,02;0,67;19,617;4,30;7,52;0,69;18,413;10,35;8,02;0,71;14,853
4,01;3,52;0,49;16,040;-0,02;4,02;0,52;18,588;0,28;4,52;0,55;21,136;0,04;5,02;0,58;9,425;14,92;5,52;0,60;16,005;7,14;6,02;0,63;18,221;0,14;6,52;0,65;10,647;7,48E-4;7,02;0,67;19,740;2,27;7,52;0,69;18,588;12,37;8,02;0,71;15,062
4,79;3,52;0,49;16,179;-0,07;4,02;0,52;18,692;0,30;4,52;0,55;21,363;0,08;5,02;0,58;9,652;17,79;5,52;0,60;16,214;5,38;6,02;0,63;18,431;0,08;6,52;0,65;10,664;0,01;7,02;0,67;19,844;1,76;7,52;0,69;18,762;14,61;8,02;0,71;15,272
6,64;3,52;0,49;16,336;-0,14;4,02;0,52;18,797;0,32;4,52;0,55;21,590;0,09;5,02;0,58;9,879;23,30;5,52;0,60;16,458;2,49;6,02;0,63;18,640;0,09;6,52;0,65;10,681;0,00;7,02;0,67;19,949;1,00;7,52;0,69;18,919;20,76;8,02;0,71;15,464
7,67;3,52;0,49;16,511;-0,17;4,02;0,52;18,902;0,28;4,52;0,55;21,817;0,03;5,02;0,58;10,105;25,22;5,52;0,60;16,668;1,74;6,02;0,63;18,850;0,05;6,52;0,65;10,699;0,00;7,02;0,67;20,071;0,80;7,52;0,69;19,094;24,61;8,02;0,71;15,673
9,18;3,52;0,49;16,685;-0,13;4,02;0,52;18,972;0,27;4,52;0,55;22,061;0,14;5,02;0,58;10,297;26,32;5,52;0,60;16,877;1,22;6,02;0,63;19,094;0,12;6,52;0,65;10,734;-0,10;7,02;0,67;20,211;0,52;7,52;0,69;19,268;33,71;8,02;0,71;15,848
9,70;3,52;0,49;16,842;-0,21;4,02;0,52;19,042;0,21;4,52;0,55;22,305;0,13;5,02;0,58;10,489;25,12;5,52;0,60;17,069;0,54;6,02;0,63;19,321;0,20;6,52;0,65;10,769;-0,10;7,02;0,67;20,333;0,44;7,52;0,69;19,460;38,61;8,02;0,71;16,022
10,19;3,52;0,49;16,982;-0,28;4,02;0,52;19,129;0,24;4,52;0,55;22,532;0,14;5,02;0,58;10,647;23,29;5,52;0,60;17,279;0,42;6,02;0,63;19,478;0,10;6,52;0,65;10,804;-0,03;7,02;0,67;20,490;0,31;7,52;0,69;19,617;47,38;8,02;0,71;16,214
9,99;3,52;0,49;17,139;-0,30;4,02;0,52;19,234;0,21;4,52;0,55;22,724;0,16;5,02;0,58;10,769;18,37;5,52;0,60;17,506;0,13;6,02;0,63;19,635;0,08;6,52;0,65;10,873;-0,05;7,02;0,67;20,630;0,32;7,52;0,69;19,740;50,77;8,02;0,71;16,458
8,93;3,52;0,49;17,261;-0,39;4,02;0,52;19,356;0,26;4,52;0,55;22,916;0,19;5,02;0,58;10,943;15,57;5,52;0,60;17,733;0,07;6,02;0,63;19,792;0,08;6,52;0,65;10,978;-0,14;7,02;0,67;20,804;0,23;7,52;0,69;19,827;53,28;8,02;0,71;16,703
8,25;3,52;0,49;17,401;-0,47;4,02;0,52;19,513;0,23;4,52;0,55;23,091;0,10;5,02;0,58;11,135;10,59;5,52;0,60;17,942;-0,01;6,02;0,63;19,984;0,11;6,52;0,65;11,100;-0,16;7,02;0,67;20,979;0,26;7,52;0,69;19,932;51,54;8,02;0,71;16,947
6,58;3,52;0,49;17,523;-0,41;4,02;0,52;19,670;0,22;4,52;0,55;23,248;0,07;5,02;0,58;11,310;8,34;5,52;0,60;18,134;-0,08;6,02;0,63;20,176;0,17;6,52;0,65;11,205;-0,17;7,02;0,67;21,171;0,17;7,52;0,69;20,036;47,81;8,02;0,71;17,174
5,82;3,52;0,49;17,663;-0,35;4,02;0,52;19,792;0,29;4,52;0,55;23,405;0,08;5,02;0,58;11,467;4,58;5,52;0,60;18,343;-0,05;6,02;0,63;20,403;0,18;6,52;0,65;11,362;-0,19;7,02;0,67;21,398;0,22;7,52;0,69;20,159;37,28;8,02;0,71;17,401
5,16;3,52;0,49;17,820;-0,45;4,02;0,52;19,932;0,27;4,52;0,55;23,562;0,05;5,02;0,58;11,624;3,19;5,52;0,60;18,553;-0,08;6,02;0,63;20,595;0,19;6,52;0,65;11,484;-0,27;7,02;0,67;21,642;0,21;7,52;0,69;20,316;31,58;8,02;0,71;17,610
3,94;3,52;0,49;17,977;-0,46;4,02;0,52;20,071;0,25;4,52;0,55;23,702;0,12;5,02;0,58;11,764;1,65;5,52;0,60;18,745;-0,13;6,02;0,63;20,822;0,26;6,52;0,65;11,606;-0,20;7,02;0,67;21,869;0,16;7,52;0,69;20,508;21,30;8,02;0,71;17,785
3,40;3,52;0,49;18,151;-0,48;4,02;0,52;20,211;0,21;4,52;0,55;23,841;0,14;5,02;0,58;11,903;1,20;5,52;0,60;18,954;-0,15;6,02;0,63;21,031;0,24;6,52;0,65;11,676;-0,23;7,02;0,67;22,131;0,10;7,52;0,69;20,717;17,20;8,02;0,71;17,977
2,20;3,52;0,49;18,343;-0,43;4,02;0,52;20,351;0,18;4,52;0,55;23,998;0,20;5,02;0,58;12,043;0,89;5,52;0,60;19,164;-0,23;6,02;0,63;21,241;0,17;6,52;0,65;11,746;-0,22;7,02;0,67;22,393;0,13;7,52;0,69;20,909;10,53;8,02;0,71;18,169
1,66;3,52;0,49;18,500;-0,62;4,02;0,52;20,508;0,29;4,52;0,55;24,155;0,17;5,02;0,58;12,235;0,53;5,52;0,60;19,391;-0,17;6,02;0,63;21,468;0,21;6,52;0,65;11,816;-0,27;7,02;0,67;22,637;0,04;7,52;0,69;21,101;7,70;8,02;0,71;18,378
0,96;3,52;0,49;18,675;-0,41;4,02;0,52;20,665;0,27;4,52;0,55;24,330;0,21;5,02;0,58;12,427;0,37;5,52;0,60;19,652;-0,14;6,02;0,63;21,712;0,25;6,52;0,65;11,938;-0,38;7,02;0,67;22,829;0,09;7,52;0,69;21,276;3,83;8,02;0,71;18,623
0,73;3,52;0,49;18,884;-0,49;4,02;0,52;20,804;0,25;4,52;0,55;24,452;0,25;5,02;0,58;12,601;0,21;5,52;0,60;19,914;-0,19;6,02;0,63;21,974;0,23;6,52;0,65;12,095;-0,32;7,02;0,67;22,986;0,07;7,52;0,69;21,433;2,79;8,02;0,71;18,867
0,51;3,52;0,49;19,076;-0,31;4,02;0,52;20,926;0,22;4,52;0,55;24,592;0,22;5,02;0,58;12,776;0,21;5,52;0,60;20,159;-0,20;6,02;0,63;22,201;0,30;6,52;0,65;12,270;-0,28;7,02;0,67;23,161;0,09;7,52;0,69;21,607;2,05;8,02;0,71;19,094
0,44;3,52;0,49;19,286;-0,34;4,02;0,52;21,049;0,28;4,52;0,55;24,731;0,28;5,02;0,58;12,933;0,23;5,52;0,60;20,385;-0,20;6,02;0,63;22,393;0,33;6,52;0,65;12,462;-0,27;7,02;0,67;23,353;0,08;7,52;0,69;21,764;1,16;8,02;0,71;19,373
0,33;3,52;0,49;19,460;-0,44;4,02;0,52;21,153;0,28;4,52;0,55;24,941;0,28;5,02;0,58;13,125;0,18;5,52;0,60;20,630;-0,19;6,02;0,63;22,602;0,46;6,52;0,65;12,636;-0,30;7,02;0,67;23,527;0,09;7,52;0,69;21,956;0,95;8,02;0,71;19,670
0,28;3,52;0,49;19,617;-0,53;4,02;0,52;21,293;0,18;4,52;0,55;25,133;0,25;5,02;0,58;13,299;0,07;5,52;0,60;20,874;-0,15;6,02;0,63;22,829;0,43;6,52;0,65;12,793;-0,30;7,02;0,67;23,719;0,00;7,52;0,69;22,131;0,58;8,02;0,71;19,967
0,27;3,52;0,49;19,740;-0,48;4,02;0,52;21,415;0,22;4,52;0,55;25,360;0,34;5,02;0,58;13,491;-0,02;5,52;0,60;21,101;-0,36;6,02;0,63;23,038;0,61;6,52;0,65;12,950;-0,24;7,02;0,67;23,911;0,03;7,52;0,69;22,323;0,46;8,02;0,71;20,228
0,30;3,52;0,49;19,879;-0,43;4,02;0,52;21,520;0,32;4,52;0,55;25,621;0,49;5,02;0,58;13,666;0,02;5,52;0,60;21,345;-0,16;6,02;0,63;23,213;0,69;6,52;0,65;13,107;-0,20;7,02;0,67;24,086;0,01;7,52;0,69;22,550;0,32;8,02;0,71;20,455
0,28;3,52;0,49;20,019;-0,43;4,02;0,52;21,642;0,32;4,52;0,55;25,831;0,63;5,02;0,58;13,840;-0,03;5,52;0,60;21,555;-0,14;6,02;0,63;23,370;0,82;6,52;0,65;13,230;-0,30;7,02;0,67;24,260;0,03;7,52;0,69;22,742;0,34;8,02;0,71;20,647
0,25;3,52;0,49;20,176;-0,70;4,02;0,52;21,747;0,23;4,52;0,55;26,058;0,66;5,02;0,58;14,015;0,01;5,52;0,60;21,747;-0,23;6,02;0,63;23,527;0,97;6,52;0,65;13,334;-0,31;7,02;0,67;24,435;0,11;7,52;0,69;22,951;0,24;8,02;0,71;20,804
0,29;3,52;0,49;20,298;-0,70;4,02;0,52;21,852;0,26;4,52;0,55;26,267;1,03;5,02;0,58;14,172;0,08;5,52;0,60;21,939;-0,15;6,02;0,63;23,702;1,00;6,52;0,65;13,456;-0,29;7,02;0,67;24,609;0,07;7,52;0,69;23,143;0,30;8,02;0,71;20,961
0,27;3,52;0,49;20,420;-0,66;4,02;0,52;21,956;0,24;4,52;0,55;26,494;1,21;5,02;0,58;14,347;0,07;5,52;0,60;22,148;-0,14;6,02;0,63;23,911;1,09;6,52;0,65;13,561;-0,27;7,02;0,67;24,819;-0,09;7,52;0,69;23,318;0,17;8,02;0,71;21,118
0,19;3,52;0,49;20,543;-0,63;4,02;0,52;22,078;0,20;4,52;0,55;26,738;1,50;5,02;0,58;14,521;0,08;5,52;0,60;22,445;-0,09;6,02;0,63;24,138;1,30;6,52;0,65;13,648;-0,24;7,02;0,67;25,045;-0,10;7,52;0,69;23,475;0,16;8,02;0,71;21,310
0,18;3,52;0,49;20,647;-0,28;4,02;0,52;22,218;0,25;4,52;0,55;27,000;1,74;5,02;0,58;14,696;0,05;5,52;0,60;22,829;-0,16;6,02;0,63;24,365;1,43;6,52;0,65;13,718;-0,38;7,02;0,67;25,255;0,01;7,52;0,69;23,614;0,17;8,02;0,71;21,520
0,08;3,52;0,49;20,752;-0,46;4,02;0,52;22,375;0,24;4,52;0,55;27,279;2,35;5,02;0,58;14,870;0,04;5,52;0,60;23,195;-0,12;6,02;0,63;24,609;1,63;6,52;0,65;13,788;-0,38;7,02;0,67;25,464;-0,06;7,52;0,69;23,754;0,19;8,02;0,71;21,694
0,16;3,52;0,49;20,892;-0,34;4,02;0,52;22,550;0,24;4,52;0,55;27,559;2,85;5,02;0,58;15,010;0,04;5,52;0,60;23,544;-0,12;6,02;0,63;24,888;1,80;6,52;0,65;13,858;-0,32;7,02;0,67;25,656;-0,12;7,52;0,69;23,859;0,16;8,02;0,71;21,904
0,07;3,52;0,49;21,031;-0,39;4,02;0,52;22,742;0,21;4,52;0,55;27,821;3,46;5,02;0,58;15,167;0,06;5,52;0,60;23,876;-0,13;6,02;0,63;25,150;1,96;6,52;0,65;13,893;-0,35;7,02;0,67;25,831;-0,05;7,52;0,69;24,016;0,06;8,02;0,71;22,113
-0,03;3,52;0,49;21,241;-0,43;4,02;0,52;22,934;0,23;4,52;0,55;28,082;4,79;5,02;0,58;15,341;0,00;5,52;0,60;24,190;-0,12;6,02;0,63;25,429;2,15;6,52;0,65;13,928;-0,33;7,02;0,67;25,970;-0,05;7,52;0,69;24,173;0,11;8,02;0,71;22,340
0,03;3,52;0,49;21,433;-0,39;4,02;0,52;23,126;0,27;4,52;0,55;28,309;5,61;5,02;0,58;15,499;-0,03;5,52;0,60;24,435;-0,20;6,02;0,63;25,691;2,31;6,52;0,65;13,963;-0,33;7,02;0,67;26,110;-0,04;7,52;0,69;24,365;0,01;8,02;0,71;22,550
0,03;3,52;0,49;21,625;-0,43;4,02;0,52;23,318;0,20;4,52;0,55;28,536;7,89;5,02;0,58;15,673;0,05;5,52;0,60;24,679;-0,16;6,02;0,63;25,936;2,46;6,52;0,65;13,998;-0,38;7,02;0,67;26,232;-0,03;7,52;0,69;24,574;0,08;8,02;0,71;22,794
0,03;3,52;0,49;21,782;-0,37;4,02;0,52;23,492;-0,04;4,52;0,55;28,746;9,49;5,02;0,58;15,865;-0,01;5,52;0,60;24,888;-0,18;6,02;0,63;26,145;2,60;6,52;0,65;14,050;-0,37;7,02;0,67;26,372;-0,13;7,52;0,69;24,801;0,14;8,02;0,71;23,056
0,14;3,52;0,49;21,869;-0,40;4,02;0,52;23,667;0,01;4,52;0,55;28,920;13,16;5,02;0,58;16,074;-0,01;5,52;0,60;25,133;-0,23;6,02;0,63;26,337;2,72;6,52;0,65;14,120;-0,31;7,02;0,67;26,546;-0,07;7,52;0,69;25,011;0,17;8,02;0,71;23,353
0,10;3,52;0,49;21,904;-0,32;4,02;0,52;23,876;0,06;4,52;0,55;29,112;15,29;5,02;0,58;16,284;0,15;5,52;0,60;25,377;-0,23;6,02;0,63;26,529;2,78;6,52;0,65;14,259;-0,29;7,02;0,67;26,756;-0,06;7,52;0,69;25,203;0,01;8,02;0,71;23,632
0,19;3,52;0,49;21,921;-0,44;4,02;0,52;24,086;0,05;4,52;0,55;29,304;19,59;5,02;0,58;16,511;0,14;5,52;0,60;25,656;-0,29;6,02;0,63;26,721;3,31;6,52;0,65;14,399;-0,28;7,02;0,67;26,983;-0,15;7,52;0,69;25,395;0,04;8,02;0,71;23,928
0,02;3,52;0,49;21,939;-0,44;4,02;0,52;24,312;-0,01;4,52;0,55;29,496;21,11;5,02;0,58;16,738;0,02;5,52;0,60;25,970;-0,25;6,02;0,63;26,930;3,66;6,52;0,65;14,539;-0,34;7,02;0,67;27,227;-0,03;7,52;0,69;25,569;0,04;8,02;0,71;24,243
0,04;3,52;0,49;21,939;-0,43;4,02;0,52;24,574;-0,08;4,52;0,55;29,688;21,92;5,02;0,58;16,947;0,06;5,52;0,60;26,302;-0,24;6,02;0,63;27,157;4,51;6,52;0,65;14,678;-0,23;7,02;0,67;27,489;-0,12;7,52;0,69;25,744;0,15;8,02;0,71;24,557
-0,02;3,52;0,49;21,956;-0,49;4,02;0,52;24,853;-0,06;4,52;0,55;29,897;20,95;5,02;0,58;17,139;0,12;5,52;0,60;26,651;-0,24;6,02;0,63;27,402;5,08;6,52;0,65;14,853;-0,37;7,02;0,67;27,733;-0,16;7,52;0,69;25,918;-0,05;8,02;0,71;24,871
0,07;3,52;0,49;22,009;-0,53;4,02;0,52;25,203;-0,04;4,52;0,55;30,089;19,28;5,02;0,58;17,296;5,49E-4;5,52;0,60;26,965;-0,28;6,02;0,63;27,646;5,81;6,52;0,65;15,027;-0,38;7,02;0,67;27,978;-0,18;7,52;0,69;26,110;-0,10;8,02;0,71;25,168
0,03;3,52;0,49;22,113;-0,53;4,02;0,52;25,587;3,05E-4;4,52;0,55;30,281;15,48;5,02;0,58;17,471;0,03;5,52;0,60;27,279;-0,28;6,02;0,63;27,873;7,90;6,52;0,65;15,184;-0,43;7,02;0,67;28,222;-0,20;7,52;0,69;26,337;0,09;8,02;0,71;25,429
0,14;3,52;0,49;22,253;-0,34;4,02;0,52;25,988;-0,09;4,52;0,55;30,473;13,38;5,02;0,58;17,610;0,07;5,52;0,60;27,594;-0,29;6,02;0,63;28,100;9,23;6,52;0,65;15,376;-0,37;7,02;0,67;28,431;-0,22;7,52;0,69;26,599;-0,15;8,02;0,71;25,656
0,19;3,52;0,49;22,462;-0,35;4,02;0,52;26,372;-0,07;4,52;0,55;30,683;9,91;5,02;0,58;17,785;0,04;5,52;0,60;27,873;-0,29;6,02;0,63;28,309;12,70;6,52;0,65;15,533;-0,30;7,02;0,67;28,641;-0,23;7,52;0,69;26,861;0,02;8,02;0,71;25,883
0,15;3,52;0,49;22,707;-0,50;4,02;0,52;26,721;-0,08;4,52;0,55;30,892;8,37;5,02;0,58;17,977;-0,12;5,52;0,60;28,170;-0,27;6,02;0,63;28,466;14,95;6,52;0,65;15,725;-0,37;7,02;0,67;28,833;-0,22;7,52;0,69;27,105;-0,13;8,02;0,71;26,093
0,05;3,52;0,49;22,969;-0,45;4,02;0,52;27,053;-0,03;4,52;0,55;31,102;5,68;5,02;0,58;18,134;-0,03;5,52;0,60;28,431;-0,28;6,02;0,63;28,623;20,12;6,52;0,65;15,917;-0,36;7,02;0,67;29,025;-0,22;7,52;0,69;27,314;-0,11;8,02;0,71;26,285
0,13;3,52;0,49;23,213;-0,32;4,02;0,52;27,332;0,04;4,52;0,55;31,329;4,51;5,02;0,58;18,326;0,04;5,52;0,60;28,658;-0,63;6,02;0,63;28,763;23,53;6,52;0,65;16,127;-0,36;7,02;0,67;29,217;-0,15;7,52;0,69;27,506;-0,07;8,02;0,71;26,459
0,23;3,52;0,49;23,492;-0,32;4,02;0,52;27,611;-0,04;4,52;0,55;31,503;3,23;5,02;0,58;18,518;0,02;5,52;0,60;28,850;-0,47;6,02;0,63;28,903;30,35;6,52;0,65;16,301;-0,37;7,02;0,67;29,426;-0,15;7,52;0,69;27,698;-0,14;8,02;0,71;26,651
0,06;3,52;0,49;23,736;-0,42;4,02;0,52;27,890;-0,06;4,52;0,55;31,678;1,77;5,02;0,58;18,710;-0,05;5,52;0,60;29,042;-0,13;6,02;0,63;29,042;33,49;6,52;0,65;16,493;-0,42;7,02;0,67;29,653;-0,16;7,52;0,69;27,873;-0,01;8,02;0,71;26,826
0,10;3,52;0,49;24,016;-0,34;4,02;0,52;28,170;-0,09;4,52;0,55;31,835;1,17;5,02;0,58;18,867;0,03;5,52;0,60;29,287;-0,24;6,02;0,63;29,199;35,75;6,52;0,65;16,668;-0,57;7,02;0,67;29,915;-0,16;7,52;0,69;28,047;0,06;8,02;0,71;27,000
0,12;3,52;0,49;24,278;-0,35;4,02;0,52;28,414;-0,16;4,52;0,55;31,974;0,70;5,02;0,58;19,024;0,03;5,52;0,60;29,514;-0,24;6,02;0,63;29,374;37,28;6,52;0,65;16,842;-0,36;7,02;0,67;30,194;-0,16;7,52;0,69;28,239;0,07;8,02;0,71;27,192
0,14;3,52;0,49;24,504;-0,40;4,02;0,52;28,641;-0,08;4,52;0,55;32,132;0,70;5,02;0,58;19,181;0,08;5,52;0,60;29,723;-0,24;6,02;0,63;29,566;36,61;6,52;0,65;17,017;-0,39;7,02;0,67;30,491;-0,15;7,52;0,69;28,449;0,05;8,02;0,71;27,384
0,03;3,52;0,49;24,714;-0,41;4,02;0,52;28,833;0,00;4,52;0,55;32,271;0,29;5,02;0,58;19,338;0,06;5,52;0,60;29,950;-0,28;6,02;0,63;29,775;32,47;6,52;0,65;17,191;-0,43;7,02;0,67;30,805;-0,10;7,52;0,69;28,746;0,07;8,02;0,71;27,594
0,16;3,52;0,49;24,888;-0,42;4,02;0,52;29,025;-0,02;4,52;0,55;32,428;0,11;5,02;0,58;19,495;0,04;5,52;0,60;30,177;-0,26;6,02;0,63;30,037;29,44;6,52;0,65;17,349;-0,47;7,02;0,67;31,137;-0,12;7,52;0,69;29,060;0,02;8,02;0,71;27,768
0,02;3,52;0,49;25,080;-0,49;4,02;0,52;29,199;-0,02;4,52;0,55;32,603;-0,01;5,02;0,58;19,687;0,04;5,52;0,60;30,439;-0,19;6,02;0,63;30,316;23,11;6,52;0,65;17,506;-0,47;7,02;0,67;31,468;-0,19;7,52;0,69;29,391;0,09;8,02;0,71;27,960
0,13;3,52;0,49;25,290;-0,47;4,02;0,52;29,391;-0,09;4,52;0,55;32,777;-0,02;5,02;0,58;19,844;0,08;5,52;0,60;30,665;-0,21;6,02;0,63;30,561;19,87;6,52;0,65;17,663;-0,44;7,02;0,67;31,765;-0,25;7,52;0,69;29,705;0,12;8,02;0,71;28,170
0,00;3,52;0,49;25,517;-0,40;4,02;0,52;29,566;-0,08;4,52;0,55;32,969;0,17;5,02;0,58;20,019;0,05;5,52;0,60;30,875;-0,26;6,02;0,63;30,805;14,22;6,52;0,65;17,837;-0,52;7,02;0,66;32,062;-0,30;7,52;0,69;30,002;0,14;8,02;0,71;28,362
-0,01;3,52;0,49;25,744;-0,48;4,02;0,52;29,705;-0,10;4,52;0,55;33,196;0,13;5,02;0,58;20,176;-0,07;5,52;0,60;31,102;-0,27;6,02;0,63;31,032;11,94;6,52;0,65;17,977;-0,50;7,02;0,66;32,306;-0,33;7,52;0,69;30,247;0,06;8,02;0,71;28,606
0,07;3,52;0,49;26,005;-0,51;4,02;0,52;29,828;-0,05;4,52;0,55;33,353;0,12;5,02;0,58;20,351;-0,10;5,52;0,60;31,294;-0,28;6,02;0,63;31,276;9,97;6,52;0,65;18,151;-0,55;7,02;0,66;32,515;-0,22;7,52;0,69;30,491;0,09;8,02;0,71;28,868
0,01;3,52;0,49;26,232;-0,44;4,02;0,52;29,950;-0,01;4,52;0,55;33,423;0,01;5,02;0,58;20,560;-0,07;5,52;0,60;31,486;-0,40;6,02;0,63;31,503;6,33;6,52;0,65;18,343;-0,48;7,02;0,66;32,690;-0,28;7,52;0,69;30,718;0,17;8,02;0,71;29,147
0,12;3,52;0,49;26,477;-0,48;4,02;0,52;30,107;-0,02;4,52;0,55;33,441;0,12;5,02;0,58;20,769;-0,07;5,52;0,60;31,730;-0,34;6,02;0,63;31,765;4,69;6,52;0,65;18,518;-0,50;7,02;0,66;32,882;-0,39;7,52;0,69;30,927;0,15;8,02;0,71;29,479
0,06;3,52;0,49;26,721;-0,47;4,02;0,52;30,281;-0,18;4,52;0,55;33,441;0,25;5,02;0,58;21,014;-0,12;5,52;0,60;32,062;-0,27;6,02;0,63;32,027;2,35;6,52;0,65;18,692;-0,47;7,02;0,66;33,074;-0,33;7,52;0,69;31,172;0,06;8,02;0,71;29,793
-0,04;3,52;0,49;26,948;-0,40;4,02;0,52;30,508;-0,10;4,52;0,55;33,441;0,15;5,02;0,58;21,328;-0,06;5,52;0,60;32,411;-0,31;6,02;0,63;32,289;1,69;6,52;0,65;18,884;-0,44;7,02;0,66;33,266;-0,28;7,52;0,69;31,398;0,12;8,02;0,71;30,124
0,01;3,52;0,49;27,192;-0,56;4,02;0,52;30,753;-0,10;4,52;0,55;33,441;0,10;5,02;0,58;21,642;-0,10;5,52;0,60;32,777;-0,35;6,02;0,63;32,585;0,93;6,52;0,65;19,059;-0,56;7,02;0,66;33,475;-0,22;7,52;0,69;31,643;0,09;8,02;0,71;30,456
0,02;3,52;0,49;27,437;-0,60;4,02;0,52;30,997;-0,14;4,52;0,55;33,458;-0,05;5,02;0,58;21,939;-0,13;5,52;0,60;33,091;-0,21;6,02;0,63;32,882;0,71;6,52;0,65;19,234;-0,62;7,02;0,66;33,702;-0,19;7,52;0,69;31,905;0,12;8,02;0,71;30,770
0,01;3,52;0,49;27,698;-0,56;4,02;0,52;31,259;-0,07;4,52;0,55;33,493;0,11;5,02;0,58;22,218;-0,14;5,52;0,60;33,406;-0,23;6,02;0,63;33,214;0,40;6,52;0,65;19,391;-0,50;7,02;0,66;33,964;-0,26;7,52;0,69;32,149;-0,01;8,02;0,71;31,049
-0,24;3,52;0,49;27,925;-0,58;4,02;0,52;31,503;-0,08;4,52;0,55;33,615;0,07;5,02;0,58;22,445;-0,06;5,52;0,60;33,720;-0,19;6,02;0,63;33,545;0,29;6,52;0,65;19,565;-0,48;7,02;0,66;34,261;-0,29;7,52;0,69;32,393;0,00;8,02;0,71;31,329
-0,52;3,52;0,49;28,117;-0,57;4,02;0,52;31,730;-0,14;4,52;0,55;33,790;0,13;5,02;0,58;22,654;-0,07;5,52;0,60;33,982;-0,22;6,02;0,63;33,877;0,10;6,52;0,65;19,740;-0,46;7,02;0,66;34,592;-0,32;7,52;0,69;32,620;0,09;8,02;0,71;31,608
-0,23;3,52;0,49;28,292;-0,63;4,02;0,52;31,940;-0,19;4,52;0,55;34,016;0,18;5,02;0,58;22,846;-0,09;5,52;0,60;34,226;-0,39;6,02;0,63;34,191;0,08;6,52;0,65;19,897;-0,57;7,02;0,66;34,907;-0,28;7,52;0,69;32,847;0,07;8,02;0,71;31,905
-0,05;3,52;0,49;28,466;-0,62;4,02;0,52;32,132;-0,19;4,52;0,55;34,278;0,14;5,02;0,58;23,038;-0,14;5,52;0,60;34,453;-0,35;6,02;0,63;34,470;0,03;6,52;0,65;20,071;-0,48;7,02;0,66;35,221;-0,29;7,52;0,69;33,074;0,03;8,02;0,71;32,254
-0,11;3,52;0,49;28,641;-0,59;4,02;0,52;32,306;-0,14;4,52;0,55;34,558;0,09;5,02;0,58;23,248;-0,13;5,52;0,60;34,680;-0,28;6,02;0,63;34,715;-0,01;6,52;0,65;20,246;-0,45;7,02;0,66;35,500;-0,31;7,52;0,69;33,283;-0,03;8,02;0,71;32,603
-0,02;3,52;0,49;28,815;-0,58;4,02;0,52;32,463;-0,09;4,52;0,55;34,837;0,08;5,02;0,58;23,457;-0,16;5,52;0,60;34,889;-0,33;6,02;0,63;34,907;-0,01;6,52;0,65;20,420;-0,56;7,02;0,66;35,709;-0,30;7,52;0,69;33,510;-0,02;8,02;0,71;32,969
-0,01;3,52;0,49;29,007;-0,59;4,02;0,52;32,603;-0,04;4,52;0,55;35,099;0,11;5,02;0,58;23,684;-0,11;5,52;0,60;35,099;-0,35;6,02;0,63;35,151;0,07;6,52;0,65;20,595;-0,61;7,02;0,66;35,919;-0,21;7,52;0,69;33,772;0,01;8,02;0,71;33,336
0,07;3,52;0,49;29,234;-0,64;4,02;0,52;32,777;-0,07;4,52;0,55;35,360;-0,02;5,02;0,58;23,946;-0,12;5,52;0,60;35,325;-0,27;6,02;0,63;35,413;0,01;6,52;0,65;20,787;-0,66;7,02;0,66;36,111;-0,24;7,52;0,69;34,086;0,05;8,02;0,71;33,720
0,01;3,52;0,49;29,479;-0,63;4,02;0,52;32,934;-0,10;4,52;0,55;35,570;-0,12;5,02;0,58;24,173;-0,08;5,52;0,60;35,552;-0,21;6,02;0,63;35,727;-0,04;6,52;0,65;20,996;-0,63;7,02;0,66;36,303;-0,34;7,52;0,69;34,400;0,03;8,02;0,71;34,069
-0,06;3,52;0,49;29,723;-0,63;4,02;0,52;33,126;-0,12;4,52;0,55;35,779;-0,07;5,02;0,58;24,365;-0,13;5,52;0,60;35,797;-0,22;6,02;0,63;36,093;-0,08;6,52;0,65;21,153;-0,66;7,02;0,66;36,530;-0,24;7,52;0,69;34,662;0,01;8,02;0,71;34,366
-0,13;3,52;0,49;30,037;-0,65;4,02;0,52;33,301;-0,11;4,52;0,55;35,989;0,03;5,02;0,58;24,574;-0,12;5,52;0,60;36,041;-0,27;6,02;0,63;36,477;-0,01;6,52;0,65;21,310;-0,56;7,02;0,66;36,774;-0,31;7,52;0,69;34,941;-0,07;8,02;0,71;34,627
-0,26;3,52;0,49;30,404;-0,53;4,02;0,52;33,493;-0,12;4,52;0,55;36,198;-0,02;5,02;0,58;24,819;-0,27;5,52;0,60;36,250;-0,24;6,02;0,63;36,861;-0,11;6,52;0,65;21,468;-0,62;7,02;0,66;37,036;-0,20;7,52;0,69;35,186;-0,11;8,02;0,71;34,872
-0,41;3,52;0,49;30,805;-0,48;4,02;0,52;33,702;-0,17;4,52;0,55;36,408;0,00;5,02;0,58;25,063;-0,22;5,52;0,60;36,442;-0,31;6,02;0,63;37,228;-0,01;6,52;0,65;21,607;-0,60;7,02;0,66;37,315;-0,28;7,52;0,69;35,430;-0,03;8,02;0,71;35,168
-0,38;3,52;0,49;31,224;-0,57;4,02;0,52;33,894;-0,13;4,52;0,55;36,582;0,01;5,02;0,58;25,325;-0,09;5,52;0,60;36,634;-0,26;6,02;0,63;37,612;-0,08;6,52;0,65;21,729;-0,63;7,02;0,66;37,612;-0,17;7,52;0,69;35,657;0,01;8,02;0,71;35,448
-0,17;3,52;0,49;31,660;-0,57;4,02;0,52;34,086;-0,19;4,52;0,55;36,774;0,12;5,02;0,58;25,587;-0,13;5,52;0,60;36,844;-0,23;6,02;0,63;37,961;-0,05;6,52;0,65;21,834;-0,66;7,02;0,66;37,909;-0,27;7,52;0,69;35,867;-0,04;8,02;0,71;35,762
-0,14;3,52;0,49;32,114;-0,57;4,02;0,52;34,313;-0,18;4,52;0,55;37,053;0,15;5,02;0,58;25,831;-0,12;5,52;0,60;37,088;-0,26;6,02;0,63;38,258;-0,06;6,52;0,65;21,939;-0,59;7,02;0,66;38,258;-0,22;7,52;0,69;36,111;-0,05;8,02;0,71;36,058
-0,12;3,52;0,49;32,603;-0,65;4,02;0,52;34,505;-0,22;4,52;0,55;37,158;0,18;5,02;0,58;26,040;-0,18;5,52;0,60;37,333;-0,21;6,02;0,63;38,519;-0,17;6,52;0,65;22,061;-0,61;7,02;0,66;38,624;-0,24;7,52;0,69;36,373;-0,05;8,02;0,71;36,355
-0,12;3,52;0,49;33,091;-0,67;4,02;0,52;34,680;-0,17;4,52;0,55;37,385;0,18;5,02;0,58;26,232;-0,10;5,52;0,60;37,559;-0,28;6,02;0,63;38,746;-0,07;6,52;0,65;22,218;-0,60;7,02;0,66;39,060;-0,24;7,52;0,69;36,669;-0,09;8,02;0,71;36,652
-0,21;3,52;0,49;33,528;-0,72;4,02;0,52;34,872;-0,13;4,52;0,55;37,594;0,19;5,02;0,58;26,389;-0,11;5,52;0,60;37,821;-0,22;6,02;0,63;38,991;-0,07;6,52;0,65;22,375;-0,60;7,02;0,66;39,514;-0,35;7,52;0,69;37,001;-0,06;8,02;0,71;36,931
-0,27;3,52;0,49;33,947;-0,82;4,02;0,52;35,064;-0,21;4,52;0,55;37,821;0,16;5,02;0,58;26,546;-0,15;5,52;0,60;38,083;-0,30;6,02;0,63;39,252;-0,04;6,52;0,65;22,567;-0,57;7,02;0,66;39,951;-0,30;7,52;0,69;37,333;-0,10;8,02;0,71;37,176
-0,25;3,52;0,49;34,313;-0,67;4,02;0,52;35,238;-0,18;4,52;0,55;38,083;0,16;5,02;0,58;26,704;-0,13;5,52;0,60;38,327;-0,26;6,02;0,63;39,532;-0,09;6,52;0,65;22,759;-0,56;7,02;0,66;40,352;-0,25;7,52;0,69;37,647;-0,07;8,02;0,71;37,402
-0,23;3,52;0,49;34,662;-0,68;4,02;0,52;35,430;-0,16;4,52;0,55;38,310;0,09;5,02;0,58;26,896;-0,16;5,52;0,60;38,572;-0,26;6,02;0,63;39,846;-0,02;6,52;0,65;22,986;-0,41;7,02;0,66;40,719;-0,25;7,52;0,69;37,978;0,00;8,02;0,71;37,647
-0,46;3,52;0,49;34,959;-0,61;4,02;0,52;35,640;-0,26;4,52;0,55;38,537;0,12;5,02;0,58;27,122;-0,14;5,52;0,60;38,799;-0,28;6,02;0,63;40,160;-0,03;6,52;0,65;23,248;-0,40;7,02;0,66;41,033;-0,29;7,52;0,69;38,327;-0,10;8,02;0,71;37,909
-0,16;3,52;0,49;35,291;-0,72;4,02;0,52;35,832;-0,24;4,52;0,55;38,781;0,21;5,02;0,58;27,349;-0,15;5,52;0,60;39,078;-0,19;6,02;0,63;40,474;-0,06;6,52;0,65;23,492;-0,55;7,02;0,66;41,329;-0,32;7,52;0,69;38,676;-0,08;8,02;0,71;38,188
-0,37;3,52;0,49;35,622;-0,74;4,02;0,52;36,006;-0,20;4,52;0,55;39,008;0,12;5,02;0,58;27,559;-0,14;5,52;0,60;39,357;-0,28;6,02;0,63;40,823;-0,03;6,52;0,65;23,736;-0,59;7,02;0,66;41,609;-0,33;7,52;0,69;39,060;-0,11;8,02;0,71;38,467
-0,30;3,52;0,49;35,971;-0,81;4,02;0,52;36,198;-0,21;4,52;0,55;39,270;0,13;5,02;0,58;27,768;-0,07;5,52;0,60;39,619;-0,19;6,02;0,63;41,137;-0,08;6,52;0,65;23,998;-0,60;7,02;0,66;41,905;-0,30;7,52;0,69;39,410;-0,10;8,02;0,71;38,711
-0,26;3,52;0,49;36,285;-0,83;4,02;0,52;36,373;-0,19;4,52;0,55;39,549;0,18;5,02;0,58;27,960;-0,11;5,52;0,60;39,881;-0,16;6,02;0,63;41,504;-0,16;6,52;0,65;24,243;-0,62;7,02;0,66;42,202;-0,28;7,52;0,69;39,759;-0,13;8,02;0,71;38,956
-0,30;3,52;0,49;36,565;-0,93;4,02;0,52;36,582;-0,17;4,52;0,55;39,846;0,06;5,02;0,58;28,152;-0,13;5,52;0,60;40,125;-0,17;6,02;0,63;41,923;-0,02;6,52;0,65;24,452;-0,66;7,02;0,66;42,534;-0,27;7,52;0,69;40,108;-0,09;8,02;0,71;39,218
-0,29;3,52;0,49;36,861;-0,77;4,02;0,52;36,826;-0,21;4,52;0,55;40,125;0,06;5,02;0,58;28,344;-0,10;5,52;0,60;40,369;-0,29;6,02;0,63;42,342;-0,03;6,52;0,65;24,644;-0,60;7,02;0,66;42,813;-0,27;7,52;0,69;40,492;-0,15;8,02;0,71;39,479
-0,32;3,52;0,49;37,176;-0,76;4,02;0,52;37,106;-0,33;4,52;0,55;40,387;0,29;5,02;0,58;28,571;-0,09;5,52;0,60;40,614;-0,26;6,02;0,63;42,778;-0,08;6,52;0,65;24,836;-0,63;7,02;0,66;43,110;-0,29;7,52;0,69;40,928;-0,01;8,02;0,71;39,759
-0,18;3,52;0,49;37,490;-0,76;4,02;0,52;37,402;-0,28;4,52;0,55;40,614;0,14;5,02;0,58;28,780;-0,18;5,52;0,60;40,858;-0,18;6,02;0,63;43,214;-0,15;6,52;0,65;25,045;-0,64;7,02;0,66;43,389;-0,30;7,52;0,69;41,417;-0,14;8,02;0,71;40,038
-0,16;3,52;0,49;37,804;-0,76;4,02;0,52;37,699;-0,28;4,52;0,55;40,841;0,25;5,02;0,58;29,025;-0,19;5,52;0,60;41,068;-0,24;6,02;0,63;43,616;-0,07;6,52;0,65;25,272;-0,65;7,02;0,66;43,668;-0,37;7,52;0,69;41,940;-0,11;8,02;0,71;40,300
-0,26;3,52;0,49;38,118;-0,84;4,02;0,52;37,961;-0,20;4,52;0,55;41,068;0,19;5,02;0,58;29,269;-0,12;5,52;0,60;41,294;-0,22;6,02;0,63;44,000;-0,13;6,52;0,65;25,482;-0,59;7,02;0,66;43,947;-0,37;7,52;0,69;42,464;-0,14;8,02;0,71;40,596
-0,24;3,52;0,49;38,397;-0,81;4,02;0,52;38,188;-0,12;4,52;0,55;41,277;0,15;5,02;0,58;29,548;-0,11;5,52;0,60;41,539;-0,34;6,02;0,63;44,349;-0,19;6,52;0,65;25,674;-0,61;7,02;0,66;44,279;-0,30;7,52;0,69;42,918;-0,08;8,02;0,71;40,911
-0,23;3,52;0,49;38,676;-0,84;4,02;0,52;38,415;-0,20;4,52;0,55;41,452;0,19;5,02;0,58;29,828;-0,12;5,52;0,60;41,801;-0,27;6,02;0,63;44,680;-0,01;6,52;0,65;25,866;-0,55;7,02;0,66;44,680;-0,40;7,52;0,69;43,406;-0,09;8,02;0,71;41,190
-0,24;3,52;0,49;38,956;-0,82;4,02;0,52;38,607;-0,26;4,52;0,55;41,609;0,28;5,02;0,58;30,124;-0,11;5,52;0,60;42,062;-0,34;6,02;0,63;45,047;-0,09;6,52;0,65;26,058;-0,58;7,02;0,66;45,134;-0,37;7,52;0,69;43,912;-0,13;8,02;0,71;41,504
-0,17;3,52;0,49;39,252;-0,82;4,02;0,52;38,799;-0,15;4,52;0,55;41,766;0,23;5,02;0,58;30,404;-0,15;5,52;0,60;42,289;-0,24;6,02;0,63;45,448;-0,12;6,52;0,65;26,232;-0,58;7,02;0,66;45,588;-0,37;7,52;0,69;44,384;-0,12;8,02;0,71;41,836
-0,25;3,52;0,49;39,532;-0,78;4,02;0,52;39,026;-0,23;4,52;0,55;41,905;0,21;5,02;0,58;30,648;-0,14;5,52;0,60;42,499;-0,61;6,02;0,63;45,815;-0,09;6,52;0,65;26,372;-0,62;7,02;0,66;46,059;-0,40;7,52;0,69;44,803;-0,15;8,02;0,71;42,185
-0,28;3,52;0,49;39,828;-0,82;4,02;0,52;39,252;-0,17;4,52;0,55;42,045;0,27;5,02;0,58;30,892;-0,12;5,52;0,60;42,673;-0,37;6,02;0,63;46,199;-0,15;6,52;0,65;26,512;-0,65;7,02;0,66;46,548;-0,33;7,52;0,69;45,204;-0,03;8,02;0,71;42,499
-0,29;3,52;0,49;40,125;-0,96;4,02;0,52;39,497;-0,08;4,52;0,55;42,150;0,27;5,02;0,58;31,172;-0,18;5,52;0,60;42,883;-0,49;6,02;0,63;46,548;-0,18;6,52;0,65;26,634;-0,62;7,02;0,66;47,054;-0,32;7,52;0,69;45,605;-0,08;8,02;0,71;42,830
-0,16;3,52;0,49;40,457;-0,84;4,02;0,52;39,741;-0,15;4,52;0,55;42,237;0,19;5,02;0,58;31,433;-0,20;5,52;0,60;43,127;-0,39;6,02;0,63;46,880;-0,10;6,52;0,65;26,773;-0,59;7,02;0,66;47,560;-0,29;7,52;0,69;46,007;-0,23;8,02;0,71;43,127
-0,20;3,52;0,49;40,771;-0,83;4,02;0,52;39,951;-0,23;4,52;0,55;42,324;0,25;5,02;0,58;31,713;-0,15;5,52;0,60;43,406;-0,29;6,02;0,63;47,194;-0,07;6,52;0,65;26,930;-0,57;7,02;0,66;48,119;-0,22;7,52;0,69;46,426;-0,28;8,02;0,71;43,406
0,03;3,52;0,49;41,102;-0,82;4,02;0,52;40,177;-0,19;4,52;0,55;42,429;0,27;5,02;0,58;31,992;-0,19;5,52;0,60;43,703;-0,36;6,02;0,63;47,455;-0,17;6,52;0,65;27,088;-0,57;7,02;0,66;48,660;-0,34;7,52;0,69;46,827;-0,22;8,02;0,71;43,668
-0,16;3,52;0,49;41,434;-0,69;4,02;0,52;40,404;-0,14;4,52;0,55;42,551;0,18;5,02;0,58;32,271;-0,06;5,52;0,60;43,965;-0,35;6,02;0,63;47,700;-0,17;6,52;0,65;27,245;-0,54;7,02;0,66;49,183;-0,30;7,52;0,69;47,229;-0,17;8,02;0,71;43,912
-0,18;3,52;0,49;41,818;-0,89;4,02;0,52;40,614;-0,18;4,52;0,55;42,691;0,12;5,02;0,58;32,550;-0,09;5,52;0,60;44,209;-0,27;6,02;0,63;47,979;-0,19;6,52;0,65;27,402;-0,51;7,02;0,66;49,724;-0,30;7,52;0,69;47,647;-0,22;8,02;0,71;44,174
-0,11;3,52;0,49;42,220;-0,83;4,02;0,52;40,823;-0,17;4,52;0,55;42,848;0,21;5,02;0,58;32,812;-0,16;5,52;0,60;44,454;-0,24;6,02;0,63;48,328;-0,17;6,52;0,65;27,559;-0,52;7,02;0,66;50,265;-0,31;7,52;0,69;48,014;-0,05;8,02;0,71;44,419
-0,20;3,52;0,49;42,621;-0,79;4,02;0,52;41,015;-0,21;4,52;0,55;43,040;0,24;5,02;0,58;33,039;-0,26;5,52;0,60;44,750;-0,28;6,02;0,63;48,730;-0,19;6,52;0,65;27,698;-0,50;7,02;0,66;50,772;-0,34;7,52;0,69;48,381;0,07;8,02;0,71;44,680
-0,21;3,52;0,49;43,005;-0,82;4,02;0,52;41,207;-0,23;4,52;0,55;43,267;0,21;5,02;0,58;33,231;-0,24;5,52;0,60;45,082;-0,31;6,02;0,63;49,166;-0,14;6,52;0,65;27,838;-0,55;7,02;0,66;51,260;-0,36;7,52;0,69;48,695;-0,07;8,02;0,71;44,977
-0,30;3,52;0,49;43,371;-0,82;4,02;0,52;41,399;-0,23;4,52;0,55;43,476;0,24;5,02;0,58;33,423;-0,22;5,52;0,60;45,413;-0,35;6,02;0,63;49,620;-0,18;6,52;0,65;27,995;-0,53;7,02;0,66;51,697;-0,36;7,52;0,69;49,009;-0,03;8,02;0,71;45,221
-0,23;3,52;0,49;43,720;-0,83;4,02;0,52;41,591;-0,17;4,52;0,55;43,686;0,18;5,02;0,58;33,650;-0,16;5,52;0,60;45,780;-0,36;6,02;0,63;50,126;-0,16;6,52;0,65;28,152;-0,58;7,02;0,66;52,081;-0,39;7,52;0,69;49,358;-0,09;8,02;0,71;45,483
-0,25;3,52;0,49;44,017;-0,84;4,02;0,52;41,783;-0,32;4,52;0,55;43,895;0,18;5,02;0,58;33,877;-0,24;5,52;0,60;46,146;-0,42;6,02;0,63;50,597;-0,17;6,52;0,65;28,327;-0,54;7,02;0,66;52,447;-0,34;7,52;0,69;49,707;-0,03;8,02;0,71;45,728
-0,15;3,52;0,49;44,244;-0,82;4,02;0,52;41,975;-0,23;4,52;0,55;44,070;-0,01;5,02;0,58;34,208;-0,22;5,52;0,60;46,530;-0,22;6,02;0,63;51,086;-0,15;6,52;0,65;28,536;-0,51;7,02;0,66;52,831;-0,32;7,52;0,69;50,039;-0,01;8,02;0,71;45,972
-0,19;3,52;0,49;44,454;-0,79;4,02;0,52;42,167;-0,16;4,52;0,55;44,262;0,02;5,02;0,58;34,592;-0,12;5,52;0,60;46,932;-0,27;6,02;0,63;51,522;-0,20;6,52;0,65;28,728;-0,54;7,02;0,66;53,233;-0,27;7,52;0,69;50,353;0,02;8,02;0,71;46,216
-0,03;3,52;0,49;44,628;-0,71;4,02;0,52;42,359;-0,14;4,52;0,55;44,471;0,27;5,02;0,58;35,046;-0,05;5,52;0,60;47,333;-0,25;6,02;0,63;51,906;-0,19;6,52;0,65;28,920;-0,54;7,02;0,66;53,669;-0,29;7,52;0,69;50,702;-0,15;8,02;0,71;46,478
-0,35;3,52;0,49;44,820;-0,69;4,02;0,52;42,569;-0,17;4,52;0,55;44,663;0,21;5,02;0,58;35,535;-0,12;5,52;0,60;47,717;-0,23;6,02;0,63;52,290;-0,17;6,52;0,65;29,112;-0,46;7,02;0,66;54,070;-0,21;7,52;0,69;50,999;-0,11;8,02;0,71;46,757
-0,42;3,52;0,49;45,012;-0,65;4,02;0,52;42,778;-0,27;4,52;0,55;44,890;0,12;5,02;0,58;36,006;-0,15;5,52;0,60;48,066;-0,29;6,02;0,63;52,691;-0,21;6,52;0,65;29,304;-0,50;7,02;0,66;54,489;-0,25;7,52;0,69;51,278;0,08;8,02;0,71;47,019
-0,34;3,52;0,49;45,204;-0,80;4,02;0,52;42,987;-0,17;4,52;0,55;45,099;0,11;5,02;0,58;36,477;-0,01;5,52;0,60;48,415;-0,28;6,02;0,63;53,075;-0,20;6,52;0,65;29,461;-0,43;7,02;0,66;54,908;-0,21;7,52;0,69;51,540;0,06;8,02;0,71;47,281
-0,09;3,52;0,49;45,431;-0,83;4,02;0,52;43,232;-0,11;4,52;0,55;45,326;0,01;5,02;0,58;36,949;-0,11;5,52;0,60;48,712;-0,29;6,02;0,63;53,494;-0,14;6,52;0,65;29,566;-0,47;7,02;0,66;55,327;-0,25;7,52;0,69;51,801;0,05;8,02;0,71;47,543
-0,24;3,52;0,49;45,693;-0,81;4,02;0,52;43,494;-0,17;4,52;0,55;45,571;0,07;5,02;0,58;37,367;-0,16;5,52;0,60;49,009;-0,30;6,02;0,63;53,878;-0,17;6,52;0,65;29,671;-0,49;7,02;0,66;55,693;-0,22;7,52;0,69;52,028;0,04;8,02;0,71;47,787
-0,19;3,52;0,49;45,972;-0,87;4,02;0,52;43,790;-0,16;4,52;0,55;45,797;-0,02;5,02;0,58;37,751;-0,10;5,52;0,60;49,306;-0,18;6,02;0,63;54,315;-0,25;6,52;0,65;29,775;-0,38;7,02;0,66;56,043;-0,20;7,52;0,69;52,185;0,03;8,02;0,71;48,049
-0,20;3,52;0,49;46,234;-0,66;4,02;0,52;44,052;-0,06;4,52;0,55;46,024;0,18;5,02;0,58;38,135;-0,11;5,52;0,60;49,585;-0,29;6,02;0,63;54,768;-0,21;6,52;0,65;29,897;-0,41;7,02;0,66;56,444;-0,18;7,52;0,69;52,360;0,04;8,02;0,71;48,328
-0,15;3,52;0,49;46,478;-0,62;4,02;0,52;44,314;-0,06;4,52;0,55;46,251;0,16;5,02;0,58;38,519;-0,13;5,52;0,60;49,864;-0,31;6,02;0,63;55,309;-0,18;6,52;0,65;30,072;-0,57;7,02;0,66;56,863;-0,22;7,52;0,69;52,569;0,09;8,02;0,71;48,590
-0,15;3,52;0,49;46,705;-0,61;4,02;0,52;44,576;-0,20;4,52;0,55;46,461;0,22;5,02;0,58;38,921;-0,14;5,52;0,60;50,143;-0,21;6,02;0,63;55,833;-0,27;6,52;0,65;30,264;-0,62;7,02;0,66;57,282;-0,19;7,52;0,69;52,814;0,05;8,02;0,71;48,869
-0,17;3,52;0,49;46,949;-0,75;4,02;0,52;44,872;-0,23;4,52;0,55;46,670;0,23;5,02;0,58;39,270;-0,07;5,52;0,60;50,423;-0,21;6,02;0,63;56,409;-0,31;6,52;0,65;30,456;-0,53;7,02;0,66;57,735;-0,20;7,52;0,69;53,075;0,02;8,02;0,71;49,166
-0,28;3,52;0,49;47,211;-0,75;4,02;0,52;45,099;-0,20;4,52;0,55;46,897;0,08;5,02;0,58;39,602;-0,10;5,52;0,60;50,702;-0,16;6,02;0,63;56,950;-0,35;6,52;0,65;30,683;-0,43;7,02;0,66;58,154;-0,20;7,52;0,69;53,355;0,06;8,02;0,71;49,515
-0,28;3,52;0,49;47,473;-0,66;4,02;0,52;45,361;-0,17;4,52;0,55;47,141;0,16;5,02;0,58;39,933;-0,01;5,52;0,60;50,946;-0,20;6,02;0,63;57,439;-0,43;6,52;0,65;30,910;-0,43;7,02;0,66;58,538;-0,21;7,52;0,69;53,669;0,06;8,02;0,71;49,864
-0,20;3,52;0,49;47,700;-0,68;4,02;0,52;45,605;-0,17;4,52;0,55;47,368;0,04;5,02;0,58;40,265;-0,03;5,52;0,60;51,225;-0,33;6,02;0,63;57,927;-0,35;6,52;0,65;31,172;-0,51;7,02;0,66;58,905;-0,21;7,52;0,69;54,000;0,10;8,02;0,71;50,265
-0,16;3,52;0,49;47,944;-0,73;4,02;0,52;45,850;-0,07;4,52;0,55;47,578;0,04;5,02;0,58;40,649;-0,05;5,52;0,60;51,505;-0,36;6,02;0,63;58,381;-0,33;6,52;0,65;31,486;-0,44;7,02;0,66;59,236;-0,20;7,52;0,69;54,280;0,05;8,02;0,71;50,667
-0,12;3,52;0,49;48,171;-0,73;4,02;0,52;46,077;-0,11;4,52;0,55;47,770;0,13;5,02;0,58;40,998;-0,08;5,52;0,60;51,784;-0,35;6,02;0,63;58,818;-0,34;6,52;0,65;31,730;-0,46;7,02;0,66;59,533;-0,29;7,52;0,69;54,542;0,05;8,02;0,71;51,016
-0,07;3,52;0,49;48,433;-0,64;4,02;0,52;46,304;-0,08;4,52;0,55;47,927;0,20;5,02;0,58;41,399;-0,17;5,52;0,60;52,098;-0,31;6,02;0,63;59,341;-0,37;6,52;0,65;31,940;-0,35;7,02;0,66;59,847;-0,21;7,52;0,69;54,821;-0,10;8,02;0,71;51,330
-0,01;3,52;0,49;48,712;-0,70;4,02;0,52;46,600;-0,06;4,52;0,55;48,119;0,20;5,02;0,58;41,836;-0,20;5,52;0,60;52,412;-0,38;6,02;0,63;59,917;-0,41;6,52;0,65;32,132;0,05;7,02;0,66;60,144;-0,22;7,52;0,69;55,117;-0,13;8,02;0,71;51,679
0,10;3,52;0,49;49,009;-0,71;4,02;0,52;46,914;-0,10;4,52;0,55;48,346;0,24;5,02;0,58;42,254;-0,15;5,52;0,60;52,761;-0,18;6,02;0,63;60,545;-0,45;6,52;0,65;32,306;0,63;7,02;0,66;60,423;-0,14;7,52;0,69;55,379;-0,11;8,02;0,71;52,046
-0,04;3,52;0,49;49,340;-0,68;4,02;0,52;47,176;-0,09;4,52;0,55;48,555;0,19;5,02;0,58;42,743;-0,16;5,52;0,60;53,093;0,35;6,02;0,63;61,209;-0,43;6,52;0,65;32,428;1,53;7,02;0,66;60,703;-0,25;7,52;0,69;55,676;-0,02;8,02;0,71;52,377
0,00;3,52;0,49;49,655;-0,55;4,02;0,52;47,403;-0,10;4,52;0,55;48,782;0,25;5,02;0,58;43,197;-0,22;5,52;0,60;53,442;0,64;6,02;0,63;61,750;-0,40;6,52;0,65;32,533;1,54;7,02;0,66;60,947;-0,25;7,52;0,69;55,973;-0,17;8,02;0,71;52,674
-0,01;3,52;0,49;49,986;-0,61;4,02;0,52;47,665;-0,06;4,52;0,55;49,009;0,12;5,02;0,58;43,633;-0,35;5,52;0,60;53,774;0,22;6,02;0,63;62,238;-0,39;6,52;0,65;32,620;0,88;7,02;0,66;61,191;-0,24;7,52;0,69;56,217;-0,02;8,02;0,71;52,901
0,10;3,52;0,49;50,283;-0,65;4,02;0,52;47,892;-0,05;4,52;0,55;49,236;0,01;5,02;0,58;44,122;-0,32;5,52;0,60;54,105;-0,13;6,02;0,63;62,710;-0,38;6,52;0,65;32,742;0,70;7,02;0,66;61,453;-0,46;7,52;0,69;56,496;0,03;8,02;0,71;53,128
0,13;3,52;0,49;50,510;-0,60;4,02;0,52;48,119;-0,03;4,52;0,55;49,428;0,13;5,02;0,58;44,611;-0,20;5,52;0,60;54,489;-0,16;6,02;0,63;63,129;-0,35;6,52;0,65;32,882;0,40;7,02;0,66;61,680;-0,51;7,52;0,69;56,776;0,02;8,02;0,71;53,372
-0,05;3,52;0,49;50,719;-0,57;4,02;0,52;48,363;-0,02;4,52;0,55;49,585;0,22;5,02;0,58;45,099;-0,26;5,52;0,60;54,873;-0,35;6,02;0,63;63,530;-0,31;6,52;0,65;33,039;-0,14;7,02;0,66;61,924;-0,46;7,52;0,69;57,055;0,01;8,02;0,71;53,617
-0,03;3,52;0,49;50,929;-0,62;4,02;0,52;48,555;-0,10;4,52;0,55;49,707;0,14;5,02;0,58;45,605;-0,23;5,52;0,60;55,187;-0,32;6,02;0,63;63,949;-0,40;6,52;0,65;33,214;-0,32;7,02;0,66;62,169;-0,46;7,52;0,69;57,317;-0,04;8,02;0,71;53,878
0,01;3,52;0,49;51,138;-0,65;4,02;0,52;48,747;-0,12;4,52;0,55;49,829;0,14;5,02;0,58;46,112;-0,21;5,52;0,60;55,501;-0,39;6,02;0,63;64,350;-0,42;6,52;0,65;33,388;-0,24;7,02;0,66;62,343;-0,59;7,52;0,69;57,631;-0,03;8,02;0,71;54,192
-0,01;3,52;0,49;51,348;-0,68;4,02;0,52;48,974;-0,15;4,52;0,55;49,951;0,29;5,02;0,58;46,670;-0,19;5,52;0,60;55,798;-0,31;6,02;0,63;64,734;-0,46;6,52;0,65;33,563;-0,35;7,02;0,66;62,500;-0,52;7,52;0,69;57,997;-0,16;8,02;0,71;54,507
0,03;3,52;0,49;51,540;-0,70;4,02;0,52;49,201;-0,22;4,52;0,55;50,073;0,32;5,02;0,58;47,264;-0,17;5,52;0,60;56,112;-0,38;6,02;0,63;65,101;-0,71;6,52;0,65;33,755;-0,45;7,02;0,66;62,710;-0,49;7,52;0,69;58,277;-0,09;8,02;0,71;54,838
0,08;3,52;0,49;51,714;-0,63;4,02;0,52;49,410;-0,23;4,52;0,55;50,231;0,25;5,02;0,58;47,857;-0,30;5,52;0,60;56,357;-0,36;6,02;0,63;65,485;-0,58;6,52;0,65;33,947;-0,38;7,02;0,66;62,884;-0,46;7,52;0,69;58,503;-0,12;8,02;0,71;55,187
0,01;3,52;0,49;51,906;-0,56;4,02;0,52;49,620;-0,24;4,52;0,55;50,440;0,09;5,02;0,58;48,433;-0,22;5,52;0,60;56,584;-0,26;6,02;0,63;65,886;-0,43;6,52;0,65;34,174;-0,56;7,02;0,66;63,076;-0,47;7,52;0,69;58,695;-0,03;8,02;0,71;55,536
0,09;3,52;0,49;52,116;-0,62;4,02;0,52;49,829;-0,19;4,52;0,55;50,684;0,14;5,02;0,58;49,009;-0,23;5,52;0,60;56,810;-0,33;6,02;0,63;66,270;-0,55;6,52;0,65;34,418;-0,48;7,02;0,66;63,338;-0,45;7,52;0,69;58,818;0,00;8,02;0,71;55,920
-0,03;3,52;0,49;52,342;-0,70;4,02;0,52;50,073;-0,09;4,52;0,55;50,929;0,34;5,02;0,58;49,637;-0,26;5,52;0,60;57,055;-0,35;6,02;0,63;66,619;-0,41;6,52;0,65;34,662;-0,49;7,02;0,66;63,670;-0,51;7,52;0,69;59,010;-0,06;8,02;0,71;56,287
0,03;3,52;0,49;52,569;-0,61;4,02;0,52;50,300;-0,14;4,52;0,55;51,173;0,24;5,02;0,58;50,283;-0,18;5,52;0,60;57,334;-0,30;6,02;0,63;66,829;-0,54;6,52;0,65;34,924;-0,46;7,02;0,66;64,019;-0,44;7,52;0,69;59,236;-0,06;8,02;0,71;56,671
0,07;3,52;0,49;52,744;-0,63;4,02;0,52;50,562;-0,19;4,52;0,55;51,382;0,33;5,02;0,58;50,929;-0,18;5,52;0,60;57,666;-0,26;6,02;0,63;66,829;-0,62;6,52;0,65;35,151;-0,45;7,02;0,66;64,403;-0,37;7,52;0,69;59,324;-0,11;8,02;0,71;57,020
0,02;3,52;0,49;52,901;-0,70;4,02;0,52;50,789;-0,17;4,52;0,55;51,592;0,38;5,02;0,58;51,609;-0,14;5,52;0,60;57,997;-0,30;6,02;0,63;66,829;-0,45;6,52;0,65;35,360;-0,34;7,02;0,66;64,804;-0,36;7,52;0,69;59,324;-0,05;8,02;0,71;57,386
4,43E-4;3,52;0,49;53,058;-0,67;4,02;0,52;51,051;-0,08;4,52;0,55;51,766;0,44;5,02;0,58;52,290;-0,12;5,52;0,60;58,311;-0,28;6,02;0,63;66,829;-0,37;6,52;0,65;35,587;-0,44;7,02;0,66;65,205;-0,31;7,52;0,69;59,341;0,01;8,02;0,71;57,718
0,00;3,52;0,49;53,267;-0,59;4,02;0,52;51,278;-0,13;4,52;0,55;51,958;0,38;5,02;0,58;52,971;-0,14;5,52;0,60;58,608;-0,35;6,02;0,63;66,829;-0,43;6,52;0,65;35,814;-0,53;7,02;0,66;65,607;-0,36;7,52;0,69;59,446;-0,07;8,02;0,71;58,015
-0,05;3,52;0,49;53,512;-0,59;4,02;0,52;51,522;-0,18;4,52;0,55;52,150;0,33;5,02;0,58;53,651;-0,16;5,52;0,60;58,887;-0,44;6,02;0,63;66,829;-0,36;6,52;0,65;36,041;-0,53;7,02;0,66;66,008;-0,28;7,52;0,69;59,865;-0,07;8,02;0,71;58,277
0,15;3,52;0,49;53,721;-0,62;4,02;0,52;51,819;-0,16;4,52;0,55;52,360;0,17;5,02;0,58;54,280;-0,14;5,52;0,60;59,167;-0,25;6,02;0,63;66,829;-0,39;6,52;0,65;36,268;-0,52;7,02;0,66;66,410;0,05;7,52;0,69;60,284;-0,04;8,02;0,71;58,521
0,05;3,52;0,49;53,948;-0,63;4,02;0,52;52,133;-0,04;4,52;0,55;52,587;0,30;5,02;0,58;54,821;-0,23;5,52;0,60;59,516;-0,32;6,02;0,63;66,829;-0,39;6,52;0,65;36,512;-0,45;7,02;0,66;66,846;1,00;7,52;0,69;60,633;-0,10;8,02;0,71;58,730
-0,02;3,52;0,49;54,192;-0,53;4,02;0,52;52,447;0,01;4,52;0,55;52,814;0,33;5,02;0,58;55,344;-0,32;5,52;0,60;59,900;-0,41;6,02;0,63;66,829;-0,24;6,52;0,65;36,757;-0,47;7,02;0,66;67,265;1,44;7,52;0,69;60,982;-0,02;8,02;0,71;58,957
-0,09;3,52;0,49;54,419;-0,68;4,02;0,52;52,761;-0,09;4,52;0,55;53,023;0,38;5,02;0,58;55,798;0,32;5,52;0,60;60,284;-0,36;6,02;0,63;66,829;-0,22;6,52;0,65;37,036;-0,54;7,02;0,66;67,771;1,10;7,52;0,69;61,331;0,00;8,02;0,71;59,167
-0,10;3,52;0,49;54,664;-0,64;4,02;0,52;53,041;-0,13;4,52;0,55;53,215;0,40;5,02;0,58;56,200;0,64;5,52;0,60;60,737;-0,31;6,02;0,63;66,829;-0,36;6,52;0,65;37,315;-0,64;7,02;0,66;68,347;0,38;7,52;0,69;61,837;-0,04;8,02;0,71;59,359
-0,09;3,52;0,49;54,960;-0,60;4,02;0,52;53,302;-0,02;4,52;0,55;53,442;0,43;5,02;0,58;56,618;0,43;5,52;0,60;61,121;-0,27;6,02;0,63;66,829;-0,33;6,52;0,65;37,577;-0,59;7,02;0,66;68,906;0,09;7,52;0,69;62,396;0,09;8,02;0,71;59,551
-0,11;3,52;0,49;55,257;-0,63;4,02;0,52;53,564;-0,04;4,52;0,55;53,669;0,37;5,02;0,58;57,107;0,22;5,52;0,60;61,488;-0,28;6,02;0,63;66,829;-0,35;6,52;0,65;37,804;-0,56;7,02;0,66;69,359;-0,19;7,52;0,69;62,867;0,09;8,02;0,71;59,778
-0,10;3,52;0,49;55,571;-0,60;4,02;0,52;53,861;-0,05;4,52;0,55;53,896;0,36;5,02;0,58;57,648;-0,10;5,52;0,60;61,872;-0,29;6,02;0,63;66,829;-0,38;6,52;0,65;38,066;-0,49;7,02;0,66;69,586;-0,30;7,52;0,69;63,390;0,82;8,02;0,71;60,022
-0,06;3,52;0,49;55,885;-0,65;4,02;0,52;54,123;-0,05;4,52;0,55;54,123;0,33;5,02;0,58;58,119;-0,18;5,52;0,60;62,291;-0,24;6,02;0,63;66,829;-0,33;6,52;0,65;38,345;-0,43;7,02;0,66;69,656;-0,42;7,52;0,69;63,879;1,73;8,02;0,71;60,301
-0,07;3,52;0,49;56,182;-0,51;4,02;0,52;54,402;-0,09;4,52;0,55;54,367;0,18;5,02;0,58;58,538;-0,22;5,52;0,60;62,675;-0,26;6,02;0,63;66,829;-0,29;6,52;0,65;38,589;-0,51;7,02;0,66;69,656;-0,47;7,52;0,69;64,298;2,67;8,02;0,71;60,563
-0,06;3,52;0,49;56,426;-0,54;4,02;0,52;54,664;-0,06;4,52;0,55;54,629;0,44;5,02;0,58;58,940;-0,29;5,52;0,60;63,041;-0,33;6,02;0,63;66,829;-0,38;6,52;0,65;38,799;-0,53;7,02;0,66;69,656;-0,48;7,52;0,69;64,682;2,58;8,02;0,71;60,895
-0,05;3,52;0,49;56,636;-0,52;4,02;0,52;54,908;-0,10;4,52;0,55;54,908;0,44;5,02;0,58;59,324;-0,30;5,52;0,60;63,425;-0,24;6,02;0,63;66,829;-0,35;6,52;0,65;39,008;-0,50;7,02;0,66;69,656;-0,47;7,52;0,69;65,014;1,57;8,02;0,71;61,209
-0,01;3,52;0,49;56,863;-0,56;4,02;0,52;55,135;-0,03;4,52;0,55;55,205;0,42;5,02;0,58;59,673;-0,36;5,52;0,60;63,757;-0,30;6,02;0,63;66,829;-0,32;6,52;0,65;39,235;-0,50;7,02;0,66;69,656;-0,52;7,52;0,69;65,397;1,16;8,02;0,71;61,488
-0,06;3,52;0,49;57,107;-0,54;4,02;0,52;55,379;-0,03;4,52;0,55;55,449;0,38;5,02;0,58;60,057;-0,35;5,52;0,60;64,106;-0,25;6,02;0,63;66,829;-0,15;6,52;0,65;39,462;-0,48;7,02;0,66;69,656;-0,45;7,52;0,69;65,939;0,44;8,02;0,71;61,837
-0,15;3,52;0,49;57,369;-0,53;4,02;0,52;55,641;0,00;4,52;0,55;55,693;0,68;5,02;0,58;60,476;-0,29;5,52;0,60;64,455;-0,25;6,02;0,63;66,829;-0,15;6,52;0,65;39,776;-0,71;7,02;0,66;69,656;-0,49;7,52;0,69;66,445;0,26;8,02;0,71;62,186
-0,12;3,52;0,49;57,596;-0,68;4,02;0,52;55,920;0,02;4,52;0,55;55,920;1,29;5,02;0,58;60,912;-0,38;5,52;0,60;64,769;-0,28;6,02;0,63;66,829;-0,37;6,52;0,65;40,143;-0,79;7,02;0,66;69,656;-0,44;7,52;0,69;66,898;0,09;8,02;0,71;62,500
-0,13;3,52;0,49;57,788;-0,63;4,02;0,52;56,200;-0,02;4,52;0,55;56,147;1,12;5,02;0,58;61,313;-0,41;5,52;0,60;65,066;-0,31;6,02;0,63;66,829;-0,29;6,52;0,65;40,561;-0,69;7,02;0,66;69,656;-0,48;7,52;0,69;67,457;0,00;8,02;0,71;62,832
-0,06;3,52;0,49;57,927;-0,59;4,02;0,52;56,461;-0,04;4,52;0,55;56,357;0,88;5,02;0,58;61,750;-0,40;5,52;0,60;65,310;-0,22;6,02;0,63;66,829;-0,25;6,52;0,65;40,980;-0,74;7,02;0,66;69,656;-0,40;7,52;0,69;67,998;-0,02;8,02;0,71;63,129
-0,01;3,52;0,49;58,032;-0,57;4,02;0,52;56,706;-0,01;4,52;0,55;56,531;0,67;5,02;0,58;62,204;-0,32;5,52;0,60;65,415;-0,30;;;;-0,22;6,52;0,65;41,399;-0,76;7,02;0,66;69,656;-0,38;7,52;0,69;68,557;-0,02;8,02;0,71;63,373
-0,09;3,52;0,49;58,154;-0,55;4,02;0,52;56,933;-0,09;4,52;0,55;56,706;0,55;5,02;0,58;62,553;-0,32;5,52;0,60;65,432;;;;;-0,24;6,52;0,65;41,801;-0,85;7,02;0,66;69,656;-0,45;7,52;0,69;69,150;-0,09;8,02;0,71;63,635
-0,09;3,52;0,49;58,311;-0,63;4,02;0,52;57,125;-0,11;4,52;0,55;56,933;0,49;5,02;0,58;62,832;-0,34;5,52;0,60;65,432;;;;;-0,19;6,52;0,65;42,202;-0,79;7,02;0,66;69,656;-0,45;7,52;0,69;69,743;-0,14;8,02;0,71;63,914
-0,01;3,52;0,49;58,486;-0,62;4,02;0,52;57,352;-0,13;4,52;0,55;57,125;0,50;5,02;0,58;63,094;-0,37;5,52;0,60;65,432;;;;;-0,39;6,52;0,65;42,586;-0,89;7,02;0,66;69,656;-0,44;7,52;0,69;70,302;-0,20;8,02;0,71;64,193
-0,09;3,52;0,49;58,713;-0,59;4,02;0,52;57,578;-0,07;4,52;0,55;57,352;0,52;5,02;0,58;63,338;-0,35;5,52;0,60;65,432;;;;;-0,42;6,52;0,65;42,935;-0,99;7,02;0,66;69,656;-0,43;7,52;0,69;70,825;-0,05;8,02;0,71;64,490
-0,01;3,52;0,49;59,027;-0,63;4,02;0,52;57,788;-0,10;4,52;0,55;57,561;0,55;5,02;0,58;63,635;-0,39;5,52;0,60;65,415;;;;;-0,32;6,52;0,65;43,249;-0,90;7,02;0,66;69,656;-0,46;7,52;0,69;71,279;-0,11;8,02;0,71;64,787
-0,03;3,52;0,49;59,341;-0,52;4,02;0,52;58,032;-0,07;4,52;0,55;57,735;0,66;5,02;0,58;63,949;-0,40;5,52;0,60;65,415;;;;;-0,30;6,52;0,65;43,529;-0,82;7,02;0,66;69,656;-0,51;7,52;0,69;71,628;-0,13;8,02;0,71;65,136
-0,01;3,52;0,49;59,673;-0,62;4,02;0,52;58,259;-0,10;4,52;0,55;57,893;0,61;5,02;0,58;64,280;-0,38;5,52;0,60;65,415;;;;;-0,50;6,52;0,65;43,790;-0,80;7,02;0,66;69,639;-0,52;7,52;0,69;71,995;-0,14;8,02;0,71;65,467
-0,04;3,52;0,49;59,987;-0,63;4,02;0,52;58,469;-0,11;4,52;0,55;58,032;0,66;5,02;0,58;64,560;-0,42;5,52;0,60;65,415;;;;;-0,20;6,52;0,65;44,070;-0,80;7,02;0,66;69,639;-0,48;7,52;0,69;72,344;-0,14;8,02;0,71;65,781
0,02;3,52;0,49;60,284;-0,61;4,02;0,52;58,626;-0,14;4,52;0,55;58,172;0,64;5,02;0,58;64,717;-0,47;5,52;0,60;65,415;;;;;-0,19;6,52;0,65;44,331;-0,85;7,02;0,66;69,639;-0,49;7,52;0,69;72,815;-0,10;8,02;0,71;66,113
0,32;3,52;0,49;60,580;-0,59;4,02;0,52;58,765;-0,09;4,52;0,55;58,346;0,74;5,02;0,58;64,822;-0,35;5,52;0,60;65,415;;;;;-0,19;6,52;0,65;44,558;-0,90;;;;-0,46;7,52;0,69;73,304;-0,14;8,02;0,71;66,445
0,33;3,52;0,49;60,860;-0,62;4,02;0,52;58,975;-0,10;4,52;0,55;58,503;0,75;5,02;0,58;64,874;-0,55;5,52;0,60;65,415;;;;;-0,22;6,52;0,65;44,820;;;;;-0,50;7,52;0,69;73,810;-0,12;8,02;0,71;66,759
0,35;3,52;0,49;61,121;-0,60;4,02;0,52;59,202;-0,16;4,52;0,55;58,661;0,71;5,02;0,58;64,874;-0,46;5,52;0,60;65,415;;;;;-0,27;6,52;0,65;45,099;;;;;-0,53;7,52;0,69;74,194;-0,10;8,02;0,71;67,073
0,17;3,52;0,49;61,366;-0,61;4,02;0,52;59,446;-0,12;4,52;0,55;58,835;0,68;5,02;0,58;64,874;-0,49;5,52;0,60;65,415;;;;;-0,28;6,52;0,65;45,396;;;;;-0,57;7,52;0,69;74,648;-0,24;8,02;0,71;67,352
0,01;3,52;0,49;61,628;-0,58;4,02;0,52;59,673;-0,12;4,52;0,55;59,010;0,72;5,02;0,58;64,874;-0,54;5,52;0,60;65,415;;;;;-0,31;6,52;0,65;45,763;;;;;-0,46;7,52;0,69;75,102;-0,14;8,02;0,71;67,649
-0,03;3,52;0,49;61,924;-0,43;4,02;0,52;59,917;-0,04;4,52;0,55;59,167;0,66;5,02;0,58;64,856;-0,43;5,52;0,60;65,415;;;;;-0,40;6,52;0,65;46,164;;;;;-0,56;7,52;0,69;75,468;-0,08;8,02;0,71;67,911
-0,08;3,52;0,49;62,238;-0,15;4,02;0,52;60,179;0,10;4,52;0,55;59,341;0,69;5,02;0,58;64,856;-0,46;5,52;0,60;65,415;;;;;-0,23;6,52;0,65;46,635;;;;;-0,51;7,52;0,69;75,835;-0,14;8,02;0,71;68,103
-0,13;3,52;0,49;62,587;0,05;4,02;0,52;60,441;6,10E-4;4,52;0,55;59,498;0,66;5,02;0,58;64,856;-0,43;5,52;0,60;65,415;;;;;-0,24;6,52;0,65;47,054;;;;;-0,52;7,52;0,69;76,219;-0,21;8,02;0,71;68,155
-0,05;3,52;0,49;62,919;0,04;4,02;0,52;60,633;-0,02;4,52;0,55;59,690;0,61;5,02;0,58;64,856;-0,41;5,52;0,60;65,415;;;;;-0,44;6,52;0,65;47,455;;;;;-0,47;7,52;0,69;76,637;-0,19;8,02;0,71;68,155
-0,06;3,52;0,49;63,181;-0,22;4,02;0,52;60,860;0,08;4,52;0,55;59,865;0,59;5,02;0,58;64,856;-0,45;5,52;0,60;65,415;;;;;-0,28;6,52;0,65;47,839;;;;;-0,49;7,52;0,69;77,004;-0,39;8,02;0,71;68,155
-0,01;3,52;0,49;63,443;-0,33;4,02;0,52;61,017;0,47;4,52;0,55;60,039;0,60;5,02;0,58;64,856;-0,44;5,52;0,60;65,415;;;;;-0,23;6,52;0,65;48,189;;;;;-0,48;7,52;0,69;77,388;-0,41;8,02;0,71;68,155
-0,12;3,52;0,49;63,652;-0,44;4,02;0,52;61,121;0,73;4,52;0,55;60,231;0,54;5,02;0,58;64,856;-0,45;5,52;0,60;65,415;;;;;-0,25;6,52;0,65;48,555;;;;;-0,42;7,52;0,69;77,754;-0,30;8,02;0,71;68,155
-0,10;3,52;0,49;63,844;-0,53;4,02;0,52;61,226;0,91;4,52;0,55;60,441;0,64;5,02;0,58;64,856;-0,50;5,52;0,60;65,415;;;;;-0,29;6,52;0,65;48,887;;;;;-0,38;7,52;0,69;78,138;-0,30;8,02;0,71;68,138
-0,28;3,52;0,49;64,001;-0,57;4,02;0,52;61,348;0,99;4,52;0,55;60,633;0,56;5,02;0,58;64,856;-0,48;5,52;0,60;65,415;;;;;-0,29;6,52;0,65;49,218;;;;;-0,45;7,52;0,69;78,575;-0,16;8,02;0,71;68,138
-0,15;3,52;0,49;64,158;-0,61;4,02;0,52;61,436;0,63;4,52;0,55;60,842;0,59;5,02;0,58;64,856;-0,42;5,52;0,60;65,415;;;;;-0,26;6,52;0,65;49,567;;;;;-0,50;7,52;0,69;78,924;-0,26;8,02;0,71;68,138
0,01;3,52;0,49;64,315;-0,69;4,02;0,52;61,628;0,58;4,52;0,55;61,052;0,56;5,02;0,58;64,856;-0,45;5,52;0,60;65,415;;;;;-0,42;6,52;0,65;49,916;;;;;-0,43;7,52;0,69;79,255;-0,33;8,02;0,71;68,138
-0,04;3,52;0,49;64,350;-0,81;4,02;0,52;61,854;0,09;4,52;0,55;61,244;0,56;5,02;0,58;64,856;;;;;;;;;-0,45;6,52;0,65;50,318;;;;;-0,45;7,52;0,69;79,604;-0,24;8,02;0,71;68,138
-0,22;3,52;0,49;64,350;-0,75;4,02;0,52;62,046;0,01;4,52;0,55;61,436;0,56;5,02;0,58;64,856;;;;;;;;;-0,31;6,52;0,65;50,684;;;;;-0,44;7,52;0,69;79,954;-0,19;8,02;0,71;68,138
-0,24;3,52;0,49;64,350;-0,79;4,02;0,52;62,273;0,06;4,52;0,55;61,610;0,44;5,02;0,58;64,856;;;;;;;;;-0,32;6,52;0,65;51,086;;;;;-0,46;7,52;0,69;80,233;-0,24;8,02;0,71;68,138
-0,21;3,52;0,49;64,350;-0,69;4,02;0,52;62,570;-0,07;4,52;0,55;61,785;0,34;5,02;0,58;64,856;;;;;;;;;-0,48;6,52;0,65;51,435;;;;;-0,45;7,52;0,69;80,390;-0,26;8,02;0,71;68,138
-0,22;3,52;0,49;64,350;-0,76;4,02;0,52;62,849;-0,16;4,52;0,55;61,942;0,42;5,02;0,58;64,856;;;;;;;;;-0,48;6,52;0,65;51,784;;;;;-0,44;7,52;0,69;80,442;-0,19;8,02;0,71;68,138
-0,05;3,52;0,49;64,350;-0,69;4,02;0,52;63,111;-0,15;4,52;0,55;62,081;0,71;5,02;0,58;64,856;;;;;;;;;-0,36;6,52;0,65;52,133;;;;;-0,46;7,52;0,69;80,442;-0,23;8,02;0,71;68,138
0,09;3,52;0,49;64,350;-0,71;4,02;0,52;63,390;-0,12;4,52;0,55;62,186;0,70;5,02;0,58;64,856;;;;;;;;;-0,37;6,52;0,65;52,482;;;;;-0,43;7,52;0,69;80,442;-0,22;8,02;0,71;68,138
0,00;3,52;0,49;64,350;-0,66;4,02;0,52;63,582;-0,24;4,52;0,55;62,273;0,64;5,02;0,58;64,856;;;;;;;;;-0,38;6,52;0,65;52,831;;;;;-0,43;7,52;0,69;80,442;-0,22;8,02;0,71;68,138
0,02;3,52;0,49;64,350;-0,71;4,02;0,52;63,739;-0,20;4,52;0,55;62,361;0,72;5,02;0,58;64,856;;;;;;;;;-0,31;6,52;0,65;53,233;;;;;-0,43;7,52;0,69;80,442;-0,34;8,02;0,71;68,138
-0,04;3,52;0,49;64,333;-0,74;4,02;0,52;63,914;-0,09;4,52;0,55;62,448;0,68;5,02;0,58;64,856;;;;;;;;;-0,25;6,52;0,65;53,599;;;;;-0,41;7,52;0,69;80,442;-0,39;8,02;0,71;68,138
-0,07;3,52;0,49;64,333;-0,75;4,02;0,52;64,036;-0,17;4,52;0,55;62,535;0,62;5,02;0,58;64,856;;;;;;;;;-0,33;6,52;0,65;54,000;;;;;-0,38;7,52;0,69;80,442;-0,14;8,02;0,71;68,138
-0,01;3,52;0,49;64,333;-0,69;4,02;0,52;64,054;-0,06;4,52;0,55;62,622;0,62;5,02;0,58;64,856;;;;;;;;;-0,27;6,52;0,65;54,402;;;;;-0,39;7,52;0,69;80,442;-0,13;8,02;0,71;68,138
-0,10;3,52;0,49;64,333;-0,78;4,02;0,52;64,054;-0,06;4,52;0,55;62,692;0,69;5,02;0,58;64,856;;;;;;;;;-0,32;6,52;0,65;54,856;;;;;-0,47;7,52;0,69;80,442;-0,20;8,02;0,71;68,138
-0,09;3,52;0,49;64,333;-0,78;4,02;0,52;64,054;-0,01;4,52;0,55;62,814;0,55;5,02;0,58;64,856;;;;;;;;;-0,30;6,52;0,65;55,292;;;;;-0,43;7,52;0,69;80,442;-0,27;;;
-0,03;3,52;0,49;64,333;-0,84;4,02;0,52;64,054;-0,03;4,52;0,55;62,902;;;;;;;;;;;;;-0,38;6,52;0,65;55,746;;;;;-0,43;7,52;0,69;80,442;;;;
-0,09;3,52;0,49;64,333;-0,79;4,02;0,52;64,054;0,02;4,52;0,55;62,954;;;;;;;;;;;;;-0,37;6,52;0,65;56,235;;;;;-0,41;7,52;0,69;80,442;;;;
0,02;3,52;0,49;64,333;-0,66;4,02;0,52;64,054;-0,11;4,52;0,55;63,006;;;;;;;;;;;;;-0,25;6,52;0,65;56,688;;;;;-0,49;7,52;0,69;80,442;;;;
0,04;3,52;0,49;64,333;-0,79;4,02;0,52;64,054;-0,01;4,52;0,55;63,076;;;;;;;;;;;;;-0,30;6,52;0,65;57,090;;;;;-0,45;7,52;0,69;80,442;;;;
0,05;3,52;0,49;64,333;-0,72;4,02;0,52;64,054;-0,06;4,52;0,55;63,146;;;;;;;;;;;;;-0,33;6,52;0,65;57,491;;;;;-0,53;7,52;0,69;80,442;;;;
0,00;3,52;0,49;64,333;-0,68;4,02;0,52;64,054;-0,02;4,52;0,55;63,233;;;;;;;;;;;;;-0,30;6,52;0,65;57,823;;;;;-0,49;7,52;0,69;80,442;;;;
-0,02;3,52;0,49;64,333;-0,60;4,02;0,52;64,054;0,03;4,52;0,55;63,321;;;;;;;;;;;;;-0,35;6,52;0,65;58,119;;;;;-0,49;7,52;0,69;80,442;;;;
0,05;3,52;0,49;64,333;-0,71;4,02;0,52;64,054;-0,01;4,52;0,55;63,425;;;;;;;;;;;;;-0,31;6,52;0,65;58,451;;;;;-0,55;7,52;0,69;80,425;;;;
-0,02;3,52;0,49;64,333;-0,87;4,02;0,52;64,054;-0,11;4,52;0,55;63,530;;;;;;;;;;;;;-0,33;6,52;0,65;58,800;;;;;-0,47;7,52;0,69;80,425;;;;
0,16;3,52;0,49;64,333;-0,80;4,02;0,52;64,054;-0,09;4,52;0,55;63,617;;;;;;;;;;;;;-0,41;6,52;0,65;59,202;;;;;-0,60;7,52;0,69;80,425;;;;
0,16;3,52;0,49;64,333;-0,85;4,02;0,52;64,054;-0,06;4,52;0,55;63,705;;;;;;;;;;;;;-0,44;6,52;0,65;59,620;;;;;-0,56;7,52;0,69;80,425;;;;
0,06;3,52;0,49;64,333;-0,84;4,02;0,52;64,054;-0,02;4,52;0,55;63,792;;;;;;;;;;;;;-0,37;6,52;0,65;60,022;;;;;-0,49;7,52;0,69;80,425;;;;
0,18;3,52;0,49;64,333;-0,74;4,02;0,52;64,054;-0,01;4,52;0,55;63,844;;;;;;;;;;;;;-0,16;6,52;0,65;60,441;;;;;-0,48;7,52;0,69;80,425;;;;
0,03;3,52;0,49;64,333;-0,81;4,02;0,52;64,054;-0,05;4,52;0,55;63,914;;;;;;;;;;;;;1,18;6,52;0,65;60,842;;;;;-0,65;7,52;0,69;80,425;;;;
-0,05;3,52;0,49;64,333;-0,82;4,02;0,52;64,054;-0,06;4,52;0,55;64,001;;;;;;;;;;;;;1,12;6,52;0,65;61,191;;;;;-0,67;7,52;0,69;80,425;;;;
-0,02;3,52;0,49;64,333;-0,69;4,02;0,52;64,054;-0,08;4,52;0,55;64,141;;;;;;;;;;;;;0,47;6,52;0,65;61,453;;;;;-0,58;7,52;0,69;80,425;;;;
-0,01;3,52;0,49;64,333;-0,72;4,02;0,52;64,054;-0,01;4,52;0,55;64,298;;;;;;;;;;;;;0,25;6,52;0,65;61,767;;;;;-0,57;7,52;0,69;80,425;;;;
-0,02;3,52;0,49;64,333;-0,71;4,02;0,52;64,054;-0,08;4,52;0,55;64,472;;;;;;;;;;;;;-0,04;6,52;0,65;62,064;;;;;-0,61;7,52;0,69;80,425;;;;
-0,01;3,52;0,49;64,333;-0,71;4,02;0,52;64,054;-0,04;4,52;0,55;64,664;;;;;;;;;;;;;-0,09;6,52;0,65;62,291;;;;;-0,57;7,52;0,69;80,425;;;;
-1,53E-5;3,52;0,49;64,333;-0,82;4,02;0,52;64,054;-0,07;4,52;0,55;64,926;;;;;;;;;;;;;-0,10;6,52;0,65;62,553;;;;;-0,67;7,52;0,69;80,425;;;;
-0,07;3,52;0,49;64,333;-0,77;4,02;0,52;64,054;-0,13;4,52;0,55;65,153;;;;;;;;;;;;;-0,21;6,52;0,65;62,867;;;;;-0,68;7,52;0,69;80,425;;;;
-0,10;3,52;0,49;64,333;-0,75;4,02;0,52;64,054;0,02;4,52;0,55;65,415;;;;;;;;;;;;;-0,26;6,52;0,65;63,181;;;;;-0,67;7,52;0,69;80,425;;;;
0,06;;;;-0,72;4,02;0,52;64,054;0,00;4,52;0,55;65,659;;;;;;;;;;;;;-0,30;6,52;0,65;63,478;;;;;-0,66;7,52;0,69;80,425;;;;
;;;;-0,76;4,02;0,52;64,054;-0,10;4,52;0,55;65,886;;;;;;;;;;;;;-0,27;6,52;0,65;63,774;;;;;-0,74;7,52;0,69;80,425;;;;
;;;;-0,71;4,02;0,52;64,054;-0,06;4,52;0,55;66,148;;;;;;;;;;;;;-0,17;6,52;0,65;64,106;;;;;-0,74;7,52;0,69;80,425;;;;
;;;;;;;;0,02;4,52;0,55;66,375;;;;;;;;;;;;;-0,30;6,52;0,65;64,420;;;;;-0,72;7,52;0,69;80,425;;;;
;;;;;;;;-0,02;4,52;0,55;66,584;;;;;;;;;;;;;-0,32;6,52;0,65;64,752;;;;;-0,71;;;;;;;
;;;;;;;;0,03;4,52;0,55;66,811;;;;;;;;;;;;;-0,38;6,52;0,65;65,136;;;;;;;;;;;;
;;;;;;;;-0,02;4,52;0,55;67,003;;;;;;;;;;;;;-0,25;6,52;0,65;65,555;;;;;;;;;;;;
;;;;;;;;-0,07;4,52;0,55;67,195;;;;;;;;;;;;;-0,28;6,52;0,65;65,939;;;;;;;;;;;;
;;;;;;;;-0,01;4,52;0,55;67,370;;;;;;;;;;;;;-0,35;6,52;0,65;66,305;;;;;;;;;;;;
;;;;;;;;-0,09;4,52;0,55;67,527;;;;;;;;;;;;;-0,35;6,52;0,65;66,567;;;;;;;;;;;;
;;;;;;;;-0,04;4,52;0,55;67,719;;;;;;;;;;;;;-0,47;6,52;0,65;66,654;;;;;;;;;;;;
;;;;;;;;0,02;4,52;0,55;67,893;;;;;;;;;;;;;-0,49;6,52;0,65;66,654;;;;;;;;;;;;
;;;;;;;;0,02;4,52;0,55;68,103;;;;;;;;;;;;;-0,55;6,52;0,65;66,654;;;;;;;;;;;;
;;;;;;;;-0,01;4,52;0,55;68,347;;;;;;;;;;;;;-0,40;6,52;0,65;66,654;;;;;;;;;;;;
;;;;;;;;-0,01;4,52;0,55;68,609;;;;;;;;;;;;;-0,33;6,52;0,65;66,654;;;;;;;;;;;;
;;;;;;;;0,02;4,52;0,55;68,906;;;;;;;;;;;;;-0,28;6,52;0,65;66,654;;;;;;;;;;;;
;;;;;;;;-0,01;4,52;0,55;69,132;;;;;;;;;;;;;-0,31;6,52;0,65;66,654;;;;;;;;;;;;
;;;;;;;;-0,04;4,52;0,55;69,290;;;;;;;;;;;;;-0,30;6,52;0,65;66,654;;;;;;;;;;;;
;;;;;;;;0,30;4,52;0,55;69,307;;;;;;;;;;;;;-0,30;6,52;0,65;66,654;;;;;;;;;;;;
;;;;;;;;0,31;4,52;0,55;69,307;;;;;;;;;;;;;-0,28;6,52;0,65;66,654;;;;;;;;;;;;
;;;;;;;;0,29;4,52;0,55;69,307;;;;;;;;;;;;;-0,34;6,52;0,65;66,654;;;;;;;;;;;;
;;;;;;;;0,18;4,52;0,55;69,307;;;;;;;;;;;;;-0,44;6,52;0,65;66,654;;;;;;;;;;;;
;;;;;;;;0,20;4,52;0,55;69,307;;;;;;;;;;;;;-0,46;6,52;0,65;66,654;;;;;;;;;;;;
;;;;;;;;0,26;4,52;0,55;69,307;;;;;;;;;;;;;-0,32;6,52;0,65;66,654;;;;;;;;;;;;
;;;;;;;;0,31;4,52;0,55;69,307;;;;;;;;;;;;;-0,38;6,52;0,65;66,654;;;;;;;;;;;;
;;;;;;;;0,30;4,52;0,55;69,307;;;;;;;;;;;;;-0,51;6,52;0,65;66,654;;;;;;;;;;;;
;;;;;;;;0,37;4,52;0,55;69,307;;;;;;;;;;;;;-0,53;6,52;0,65;66,654;;;;;;;;;;;;
;;;;;;;;0,37;4,52;0,55;69,307;;;;;;;;;;;;;-0,49;6,52;0,65;66,654;;;;;;;;;;;;
;;;;;;;;0,35;4,52;0,55;69,307;;;;;;;;;;;;;-0,45;6,52;0,65;66,654;;;;;;;;;;;;
;;;;;;;;0,36;4,52;0,55;69,307;;;;;;;;;;;;;-0,38;6,52;0,64;66,654;;;;;;;;;;;;
;;;;;;;;0,33;4,52;0,55;69,307;;;;;;;;;;;;;-0,33;6,52;0,64;66,654;;;;;;;;;;;;
;;;;;;;;0,24;4,52;0,55;69,307;;;;;;;;;;;;;-0,42;6,52;0,64;66,654;;;;;;;;;;;;
;;;;;;;;0,28;4,52;0,55;69,307;;;;;;;;;;;;;-0,50;6,52;0,64;66,654;;;;;;;;;;;;
;;;;;;;;0,30;4,52;0,55;69,307;;;;;;;;;;;;;-0,54;6,52;0,64;66,654;;;;;;;;;;;;
;;;;;;;;0,32;4,52;0,55;69,307;;;;;;;;;;;;;-0,49;6,52;0,64;66,654;;;;;;;;;;;;
;;;;;;;;0,28;4,52;0,55;69,307;;;;;;;;;;;;;-0,50;6,52;0,64;66,654;;;;;;;;;;;;
;;;;;;;;0,30;4,52;0,55;69,307;;;;;;;;;;;;;;;;;;;;;;;;;;;;
;;;;;;;;0,35;4,52;0,55;69,307;;;;;;;;;;;;;;;;;;;;;;;;;;;;
;;;;;;;;0,29;4,52;0,55;69,307;;;;;;;;;;;;;;;;;;;;;;;;;;;;
;;;;;;;;0,27;4,52;0,55;69,307;;;;;;;;;;;;;;;;;;;;;;;;;;;;
;;;;;;;;0,26;4,52;0,55;69,307;;;;;;;;;;;;;;;;;;;;;;;;;;;;
;;;;;;;;0,25;4,52;0,55;69,307;;;;;;;;;;;;;;;;;;;;;;;;;;;;
;;;;;;;;0,22;4,52;0,55;69,307;;;;;;;;;;;;;;;;;;;;;;;;;;;;
;;;;;;;;0,08;4,52;0,55;69,307;;;;;;;;;;;;;;;;;;;;;;;;;;;;
;;;;;;;;0,08;4,52;0,55;69,307;;;;;;;;;;;;;;;;;;;;;;;;;;;;
;;;;;;;;0,04;4,52;0,55;69,307;;;;;;;;;;;;;;;;;;;;;;;;;;;;
;;;;;;;;0,12;4,52;0,55;69,307;;;;;;;;;;;;;;;;;;;;;;;;;;;;
;;;;;;;;0,21;4,52;0,55;69,307;;;;;;;;;;;;;;;;;;;;;;;;;;;;
;;;;;;;;0,16;4,52;0,55;69,307;;;;;;;;;;;;;;;;;;;;;;;;;;;;
;;;;;;;;0,11;4,52;0,55;69,307;;;;;;;;;;;;;;;;;;;;;;;;;;;;
;;;;;;;;0,12;4,52;0,55;69,307;;;;;;;;;;;;;;;;;;;;;;;;;;;;
;;;;;;;;0,05;4,52;0,55;69,307;;;;;;;;;;;;;;;;;;;;;;;;;;;;
;;;;;;;;0,10;4,52;0,55;69,290;;;;;;;;;;;;;;;;;;;;;;;;;;;;
;;;;;;;;0,04;4,52;0,55;69,290;;;;;;;;;;;;;;;;;;;;;;;;;;;;
;;;;;;;;-0,07;4,52;0,55;69,290;;;;;;;;;;;;;;;;;;;;;;;;;;;;
;;;;;;;;0,12;4,52;0,55;69,290;;;;;;;;;;;;;;;;;;;;;;;;;;;;
;;;;;;;;0,12;4,52;0,55;69,290;;;;;;;;;;;;;;;;;;;;;;;;;;;;
;;;;;;;;0,07;;;;;;;;;;;;;;;;;;;;;;;;;;;;;;;
