"Relative Intensity (%) Run #1";"Output Voltage Ch H (V) Run #1";"Output Current Ch H (A) Run #1";"Angle (rad) Run #1";"Relative Intensity (%) Run #2";"Output Voltage Ch H (V) Run #2";"Output Current Ch H (A) Run #2";"Angle (rad) Run #2";"Relative Intensity (%) Run #3";"Output Voltage Ch H (V) Run #3";"Output Current Ch H (A) Run #3";"Angle (rad) Run #3";"Relative Intensity (%) Run #4";"Output Voltage Ch H (V) Run #4";"Output Current Ch H (A) Run #4";"Angle (rad) Run #4"
-1,46;5,01;0,58;0,000;0,16;6,02;0,63;0,000;-0,84;7,01;0,68;0,000;0,16;8,02;0,73;0,000
-1,63;5,01;0,58;0,000;0,08;6,02;0,63;0,000;-0,85;7,01;0,68;0,000;0,18;8,02;0,73;0,000
-1,67;5,01;0,58;0,000;0,00;6,02;0,63;0,000;-0,87;7,01;0,68;0,000;0,23;8,02;0,73;0,000
-1,76;5,01;0,58;0,000;0,08;6,02;0,63;0,000;-0,83;7,01;0,68;0,000;0,05;8,02;0,73;0,000
-1,54;5,01;0,58;0,000;0,14;6,02;0,63;0,000;-0,88;7,01;0,68;0,000;0,02;8,02;0,72;0,000
-1,68;5,01;0,58;0,000;0,01;6,02;0,63;0,000;-0,88;7,01;0,68;0,000;-0,05;8,02;0,72;0,000
-1,50;5,01;0,58;0,000;0,06;6,02;0,63;0,000;-0,96;7,01;0,68;0,000;0,14;8,02;0,72;0,000
-1,48;5,01;0,58;0,000;0,12;6,02;0,63;0,000;-0,90;7,01;0,68;0,000;0,10;8,02;0,72;0,000
-1,37;5,01;0,58;0,000;0,09;6,02;0,63;0,000;-0,98;7,01;0,68;0,000;0,16;8,02;0,72;0,000
-1,40;5,01;0,58;0,000;0,20;6,02;0,63;0,000;-0,95;7,01;0,68;0,000;0,20;8,02;0,72;0,000
-1,40;5,01;0,58;0,000;0,18;6,02;0,63;0,000;-0,87;7,01;0,68;0,000;0,20;8,02;0,72;0,000
-1,37;5,01;0,58;0,000;0,26;6,02;0,63;0,000;-0,94;7,01;0,68;0,000;0,16;8,02;0,72;0,000
-1,51;5,01;0,58;0,000;0,22;6,02;0,63;0,000;-0,93;7,01;0,68;0,000;0,22;8,02;0,72;0,000
-1,56;5,01;0,58;0,000;0,31;6,02;0,63;0,000;-1,10;7,01;0,68;0,000;0,13;8,02;0,72;0,000
-1,54;5,01;0,58;0,000;0,20;6,02;0,63;0,000;-1,03;7,01;0,68;0,000;0,04;8,02;0,72;0,000
-1,54;5,01;0,58;0,000;0,22;6,02;0,63;0,000;-1,05;7,01;0,68;0,000;-0,19;8,02;0,72;0,000
-1,58;5,01;0,58;0,000;0,23;6,02;0,63;0,000;-1,07;7,01;0,68;0,000;-0,19;8,02;0,72;0,000
-1,54;5,01;0,58;0,000;0,19;6,02;0,63;0,000;-1,07;7,01;0,68;0,000;0,04;8,02;0,72;0,000
-1,54;5,01;0,58;0,000;0,30;6,02;0,63;0,000;-1,12;7,01;0,68;0,000;0,20;8,02;0,72;0,000
-1,64;5,01;0,58;0,000;0,27;6,02;0,63;0,000;-1,09;7,01;0,68;0,000;0,16;8,02;0,72;0,000
-1,69;5,01;0,58;0,000;0,15;6,02;0,63;0,000;-1,05;7,02;0,68;0,000;0,11;8,02;0,72;0,000
-1,63;5,01;0,58;0,000;0,13;6,02;0,63;0,000;-0,98;7,02;0,68;0,000;0,12;8,02;0,72;0,000
-1,59;5,01;0,58;0,000;-0,01;6,02;0,63;0,000;-1,00;7,02;0,68;0,000;0,12;8,02;0,72;0,000
-1,54;5,01;0,58;0,000;0,01;6,02;0,63;0,000;-1,08;7,02;0,68;0,000;0,08;8,02;0,72;0,000
-1,57;5,01;0,58;0,000;0,11;6,02;0,63;0,000;-1,13;7,02;0,68;0,000;0,19;8,02;0,72;0,000
-1,51;5,01;0,58;0,000;0,16;6,02;0,63;0,000;-1,09;7,02;0,68;0,000;0,14;8,02;0,72;0,000
0,00;5,01;0,58;0,000;0,06;6,02;0,63;0,000;-1,06;7,02;0,68;0,000;0,15;8,02;0,72;0,000
0,00;5,02;0,58;0,000;0,08;6,02;0,63;0,000;-1,07;7,02;0,68;0,000;0,13;8,02;0,72;0,000
0,00;5,02;0,58;0,000;0,00;6,02;0,63;0,000;0,00;7,02;0,68;0,000;0,03;8,02;0,72;0,000
0,00;5,02;0,58;0,000;0,00;6,02;0,63;0,000;0,00;7,02;0,68;0,000;0,13;8,02;0,72;0,000
0,00;5,02;0,58;0,000;0,00;6,02;0,63;0,000;0,00;7,02;0,68;0,000;0,00;8,02;0,72;0,000
0,00;5,02;0,58;0,000;0,00;6,02;0,63;0,000;0,00;7,02;0,68;0,000;0,11;8,02;0,72;0,000
0,00;5,02;0,58;0,000;0,00;6,02;0,63;0,000;0,00;7,02;0,68;0,000;0,00;8,02;0,72;0,000
0,00;5,02;0,58;0,000;0,00;6,02;0,63;0,000;0,00;7,02;0,68;0,000;0,00;8,02;0,72;0,000
0,00;5,02;0,58;0,000;0,00;6,02;0,63;0,000;0,00;7,02;0,68;0,000;0,00;8,02;0,72;0,000
0,00;5,02;0,58;0,000;0,00;6,02;0,63;0,000;0,00;7,02;0,68;0,000;0,00;8,02;0,72;0,000
0,00;5,02;0,58;0,000;0,00;6,02;0,63;0,000;0,00;7,02;0,68;0,000;0,00;8,02;0,72;0,000
0,00;5,02;0,58;0,000;0,00;6,02;0,63;0,000;0,00;7,02;0,68;0,000;0,00;8,02;0,72;0,000
0,00;5,02;0,58;0,000;0,00;6,02;0,63;0,000;0,00;7,02;0,68;0,000;0,00;8,02;0,72;0,000
0,00;5,02;0,58;0,000;0,00;6,02;0,63;0,000;0,00;7,02;0,68;0,000;0,00;8,02;0,72;0,000
0,00;5,02;0,58;0,017;0,00;6,02;0,63;0,000;0,00;7,02;0,68;0,000;0,00;8,02;0,72;0,000
0,00;5,02;0,58;0,017;0,00;6,02;0,63;0,000;0,00;7,02;0,68;0,000;0,00;8,02;0,72;0,000
0,00;5,02;0,58;0,017;0,00;6,02;0,63;0,000;0,00;7,02;0,68;0,000;0,00;8,02;0,72;0,000
0,00;5,02;0,58;0,017;0,00;6,02;0,63;0,000;0,00;7,02;0,68;0,000;0,00;8,02;0,72;0,000
0,00;5,02;0,58;0,017;0,00;6,02;0,63;0,000;0,00;7,02;0,68;0,000;0,00;8,02;0,72;0,000
0,00;5,02;0,58;0,017;0,00;6,02;0,63;0,000;0,00;7,02;0,68;0,000;0,00;8,02;0,72;0,000
0,00;5,02;0,58;0,017;0,00;6,02;0,63;0,000;0,00;7,02;0,68;0,000;0,00;8,02;0,72;0,000
0,00;5,02;0,58;0,017;0,00;6,02;0,63;0,000;0,00;7,02;0,68;0,000;0,00;8,02;0,72;0,000
0,00;5,02;0,58;0,017;0,00;6,02;0,63;0,000;0,00;7,02;0,68;0,000;0,00;8,02;0,72;0,000
0,00;5,02;0,58;0,017;0,00;6,02;0,63;0,000;0,00;7,02;0,68;0,000;0,00;8,02;0,72;0,000
0,00;5,02;0,58;0,017;0,00;6,02;0,63;0,000;0,00;7,02;0,68;0,000;0,00;8,02;0,72;0,000
0,00;5,02;0,58;0,017;0,00;6,02;0,63;0,000;0,00;7,02;0,68;0,000;0,00;8,02;0,72;0,000
0,00;5,02;0,58;0,017;0,00;6,02;0,63;0,000;0,00;7,02;0,67;0,000;0,00;8,02;0,72;0,000
0,00;5,02;0,58;0,017;0,00;6,02;0,63;0,000;0,00;7,02;0,67;0,000;0,00;8,02;0,72;0,000
0,00;5,02;0,58;0,017;0,00;6,02;0,63;0,000;0,00;7,02;0,67;0,000;0,00;8,02;0,72;0,000
0,00;5,02;0,58;0,017;0,00;6,02;0,63;0,000;0,00;7,02;0,67;0,000;0,00;8,02;0,72;0,000
0,00;5,02;0,58;0,017;0,00;6,02;0,63;0,000;0,00;7,02;0,67;0,000;0,00;8,02;0,72;0,000
0,00;5,02;0,58;0,017;0,00;6,02;0,63;0,000;0,00;7,02;0,67;0,000;0,00;8,02;0,72;0,000
0,00;5,02;0,58;0,017;0,00;6,02;0,63;0,000;0,00;7,02;0,67;0,000;0,00;8,02;0,72;0,000
0,00;5,02;0,58;0,017;0,00;6,02;0,63;0,000;0,00;7,02;0,67;0,000;0,00;8,02;0,72;0,000
0,00;5,02;0,58;0,017;0,00;6,02;0,63;0,000;0,00;7,02;0,67;0,000;0,00;8,02;0,72;0,000
0,00;5,02;0,58;0,017;0,00;6,02;0,63;0,000;0,00;7,02;0,67;0,000;0,00;8,02;0,72;0,000
0,00;5,02;0,58;0,017;0,00;6,02;0,63;0,000;0,00;7,02;0,67;0,000;0,00;8,02;0,72;0,000
-0,04;5,02;0,58;0,017;0,00;6,02;0,63;0,000;0,00;7,02;0,67;0,000;0,00;8,02;0,72;0,000
-0,02;5,02;0,58;0,017;0,00;6,02;0,63;0,000;0,00;7,02;0,67;0,000;0,00;8,02;0,72;0,000
-0,06;5,02;0,58;0,017;-0,04;6,02;0,63;0,000;-0,08;7,02;0,67;0,000;0,00;8,02;0,72;0,000
-0,04;5,02;0,58;0,017;-0,13;6,02;0,63;0,000;0,03;7,02;0,67;0,000;0,00;8,02;0,72;0,000
-0,02;5,02;0,58;0,017;-0,20;6,02;0,63;0,000;-0,01;7,02;0,67;0,000;0,00;8,02;0,72;0,000
-0,03;5,02;0,58;0,017;-0,06;6,02;0,63;0,000;0,01;7,02;0,67;0,000;0,00;8,02;0,72;0,000
-0,02;5,02;0,58;0,017;-0,04;6,02;0,63;0,000;3,36E-4;7,02;0,67;0,000;-0,14;8,02;0,72;0,000
-0,03;5,02;0,58;0,017;-0,06;6,02;0,63;0,000;-0,01;7,02;0,67;0,000;-0,28;8,02;0,72;0,000
-0,03;5,02;0,58;0,017;-0,05;6,02;0,63;0,000;-8,24E-4;7,02;0,67;0,000;-0,24;8,02;0,72;0,000
-0,13;5,02;0,58;0,017;0,03;6,02;0,63;0,000;0,03;7,02;0,67;0,000;-0,16;8,02;0,72;0,000
-0,05;5,02;0,58;0,017;-0,01;6,02;0,63;0,000;0,04;7,02;0,67;0,000;-0,14;8,02;0,72;0,000
-0,05;5,02;0,58;0,017;-0,03;6,02;0,63;0,000;0,02;7,02;0,67;0,000;-0,17;8,02;0,72;0,000
-0,05;5,02;0,58;0,017;0,02;6,02;0,63;0,000;-0,01;7,02;0,67;0,000;-0,17;8,02;0,72;0,000
-0,05;5,02;0,58;0,017;0,04;6,02;0,63;0,000;0,01;7,02;0,67;0,000;-0,13;8,02;0,72;0,000
-0,10;5,02;0,58;0,017;0,03;6,02;0,63;0,000;0,05;7,02;0,67;0,000;-0,10;8,02;0,72;0,000
-0,06;5,02;0,58;0,017;-0,01;6,02;0,63;0,000;0,00;7,02;0,67;0,000;-0,22;8,02;0,72;0,000
-0,04;5,02;0,58;0,070;0,05;6,02;0,63;0,000;-0,07;7,02;0,67;0,000;-0,12;8,02;0,72;0,000
-0,03;5,02;0,58;0,192;0,07;6,02;0,63;0,000;-0,01;7,02;0,67;0,000;-0,15;8,02;0,72;0,000
-0,07;5,02;0,58;0,314;0,01;6,02;0,63;0,000;-0,03;7,02;0,67;0,000;-0,18;8,02;0,71;0,017
0,01;5,02;0,58;0,367;0,03;6,02;0,63;0,000;0,01;7,02;0,67;0,000;-0,18;8,02;0,71;0,017
-0,05;5,02;0,58;0,401;-0,04;6,02;0,63;0,017;-0,03;7,02;0,67;0,000;-0,14;8,02;0,71;0,017
0,01;5,02;0,58;0,436;-0,02;6,02;0,63;0,017;-0,03;7,02;0,67;0,000;-0,12;8,02;0,71;0,017
-0,02;5,02;0,58;0,471;-0,10;6,02;0,63;0,017;0,09;7,02;0,67;0,000;-0,04;8,02;0,71;0,122
0,00;5,02;0,58;0,506;0,02;6,02;0,63;0,017;-8,54E-4;7,02;0,67;0,000;-0,13;8,02;0,71;0,209
0,04;5,02;0,58;0,611;0,00;6,02;0,63;0,017;0,03;7,02;0,67;0,000;-0,06;8,02;0,71;0,262
0,05;5,02;0,58;0,785;0,10;6,02;0,63;0,017;0,04;7,02;0,67;0,000;-0,11;8,02;0,71;0,297
0,09;5,02;0,58;1,065;0,05;6,02;0,63;0,017;0,02;7,02;0,67;0,000;-0,05;8,02;0,71;0,297
0,05;5,02;0,58;1,396;-0,04;6,02;0,63;0,035;0,04;7,02;0,67;0,000;-0,14;8,02;0,71;0,314
0,04;5,02;0,58;1,728;0,01;6,02;0,63;0,175;0,07;7,02;0,67;0,000;-0,06;8,02;0,71;0,314
0,01;5,02;0,58;2,042;-0,04;6,02;0,63;0,244;0,05;7,02;0,67;0,017;-0,10;8,02;0,71;0,314
0,00;5,02;0,58;2,269;-0,07;6,02;0,63;0,332;-0,04;7,02;0,67;0,017;-0,17;8,02;0,71;0,349
-0,09;5,02;0,58;2,478;-0,03;6,02;0,63;0,436;0,01;7,02;0,67;0,017;-0,24;8,02;0,71;0,436
-0,09;5,02;0,58;2,688;-0,05;6,02;0,63;0,593;-0,02;7,02;0,67;0,017;-0,22;8,02;0,71;0,611
-0,06;5,02;0,58;2,880;-0,07;6,02;0,63;0,733;0,01;7,02;0,67;0,017;-0,09;8,02;0,71;0,803
-0,04;5,02;0,58;3,072;-0,09;6,02;0,63;0,890;-0,06;7,02;0,67;0,017;-0,15;8,02;0,71;1,065
0,05;5,02;0,58;3,299;-0,08;6,02;0,63;1,100;0,00;7,02;0,67;0,017;-0,16;8,02;0,71;1,309
-0,07;5,02;0,58;3,526;-0,07;6,02;0,63;1,326;0,02;7,02;0,67;0,017;-0,22;8,02;0,71;1,518
-0,11;5,02;0,58;3,683;-0,07;6,02;0,63;1,588;-0,08;7,02;0,67;0,017;-0,18;8,02;0,71;1,710
-0,12;5,02;0,58;3,770;-0,12;6,02;0,63;1,850;-0,06;7,02;0,67;0,017;-0,17;8,02;0,71;1,868
-0,08;5,02;0,58;3,822;-0,10;6,02;0,63;2,094;0,02;7,02;0,67;0,017;-0,10;8,02;0,71;2,042
-0,14;5,02;0,58;3,910;-0,05;6,02;0,63;2,356;0,05;7,02;0,67;0,017;-0,14;8,02;0,71;2,217
-0,06;5,02;0,58;3,997;-0,04;6,02;0,63;2,548;0,01;7,02;0,67;0,017;-0,17;8,02;0,71;2,461
0,00;5,02;0,58;4,102;-0,08;6,02;0,63;2,688;0,09;7,02;0,67;0,017;-0,14;8,02;0,71;2,688
-0,06;5,02;0,58;4,224;-0,07;6,02;0,63;2,810;0,06;7,02;0,67;0,017;-0,20;8,02;0,71;2,915
-0,07;5,02;0,58;4,381;-0,15;6,02;0,63;2,897;0,03;7,02;0,67;0,017;-0,22;8,02;0,71;3,124
-0,02;5,02;0,58;4,608;-0,13;6,02;0,63;3,002;-0,01;7,02;0,67;0,017;-0,28;8,02;0,71;3,316
-0,04;5,02;0,58;4,835;0,00;6,02;0,63;3,124;-0,07;7,02;0,67;0,017;-0,13;8,02;0,71;3,508
0,01;5,02;0,58;5,061;-0,07;6,02;0,63;3,264;0,00;7,02;0,67;0,035;-0,17;8,02;0,71;3,665
-0,03;5,02;0,58;5,271;-0,08;6,02;0,63;3,456;-0,07;7,02;0,67;0,035;-0,20;8,02;0,71;3,787
-0,05;5,02;0,58;5,445;-0,15;6,02;0,63;3,683;-0,12;7,02;0,67;0,052;-0,26;8,02;0,71;3,875
-0,06;5,02;0,58;5,603;-0,16;6,02;0,63;3,962;0,02;7,02;0,67;0,122;-0,25;8,02;0,71;3,979
0,05;5,02;0,58;5,742;-0,17;6,02;0,63;4,276;-0,01;7,02;0,67;0,314;-0,16;8,02;0,71;4,049
-0,02;5,02;0,58;5,899;-0,04;6,02;0,63;4,555;-0,04;7,02;0,67;0,576;-0,14;8,02;0,71;4,136
-0,11;5,02;0,58;6,074;-0,03;6,02;0,63;4,782;0,02;7,02;0,67;0,820;-0,12;8,02;0,71;4,259
-0,10;5,02;0,58;6,283;0,01;6,02;0,63;4,957;0,17;7,02;0,67;1,082;-0,18;8,02;0,71;4,416
-0,02;5,02;0,58;6,493;-0,17;6,02;0,63;5,061;0,06;7,02;0,67;1,309;-0,19;8,02;0,71;4,590
-0,05;5,02;0,58;6,685;-0,15;6,02;0,63;5,131;0,05;7,02;0,67;1,553;-0,11;8,02;0,71;4,765
-0,08;5,02;0,58;6,842;-0,06;6,02;0,63;5,184;0,03;7,02;0,67;1,763;-0,13;8,02;0,71;4,939
-0,18;5,02;0,58;6,999;-0,10;6,02;0,63;5,271;-0,05;7,02;0,67;2,007;-0,17;8,02;0,71;5,114
-0,08;5,02;0,58;7,156;-0,12;6,02;0,63;5,393;0,02;7,02;0,67;2,269;-0,32;8,02;0,71;5,288
-0,12;5,02;0,58;7,278;-0,06;6,02;0,63;5,637;0,09;7,02;0,67;2,513;-0,30;8,02;0,71;5,498
-0,17;5,02;0,58;7,418;-0,05;6,02;0,63;5,969;0,08;7,02;0,67;2,775;-0,21;8,02;0,71;5,742
-0,18;5,02;0,58;7,540;-0,03;6,02;0,63;6,283;0,03;7,02;0,67;3,019;-0,16;8,02;0,71;5,952
-0,04;5,02;0,58;7,679;-0,07;6,02;0,63;6,597;-0,02;7,02;0,67;3,229;-0,21;8,02;0,71;6,161
-0,05;5,02;0,58;7,837;-0,21;6,02;0,63;6,877;0,01;7,02;0,67;3,421;-0,20;8,02;0,71;6,301
-0,03;5,02;0,58;7,994;-0,27;6,02;0,63;7,121;0,08;7,02;0,67;3,560;-0,24;8,02;0,71;6,440
-0,08;5,02;0,58;8,168;-0,21;6,02;0,63;7,348;0,08;7,02;0,67;3,700;-0,20;8,02;0,71;6,580
-0,08;5,02;0,58;8,343;-0,22;6,02;0,63;7,522;0,01;7,02;0,67;3,840;-0,29;8,02;0,71;6,720
-0,05;5,02;0,58;8,535;-0,25;6,02;0,63;7,679;0,05;7,02;0,67;4,014;-0,20;8,02;0,71;6,877
-0,08;5,02;0,58;8,744;-0,24;6,02;0,63;7,784;0,04;7,02;0,67;4,206;-0,16;8,02;0,71;7,034
0,06;5,02;0,58;8,988;-0,24;6,02;0,63;7,871;0,07;7,02;0,67;4,398;-0,17;8,02;0,71;7,191
-0,10;5,02;0,58;9,198;-0,13;6,02;0,63;7,959;0,03;7,02;0,67;4,590;-0,14;8,02;0,71;7,348
0,01;5,02;0,58;9,390;-0,20;6,02;0,63;8,098;0,04;7,02;0,67;4,800;-0,17;8,02;0,71;7,453
-0,01;5,02;0,58;9,617;-0,28;6,02;0,63;8,238;0,10;7,02;0,67;4,939;-0,19;8,02;0,71;7,557
-0,02;5,02;0,58;9,844;-0,35;6,02;0,63;8,378;0,11;7,02;0,67;5,061;-0,16;8,02;0,71;7,679
-0,06;5,02;0,58;10,105;-0,33;6,02;0,63;8,535;0,04;7,02;0,67;5,201;-0,25;8,02;0,71;7,802
-0,07;5,02;0,58;10,350;-0,26;6,02;0,63;8,709;0,06;7,02;0,67;5,341;-0,13;8,02;0,71;7,941
-0,05;5,02;0,58;10,612;-0,34;6,02;0,63;8,849;0,06;7,02;0,67;5,480;-0,11;8,02;0,71;8,081
-0,07;5,02;0,58;10,821;-0,27;6,02;0,63;9,041;-0,08;7,02;0,67;5,637;-0,11;8,02;0,71;8,273
0,01;5,02;0,58;11,013;-0,35;6,02;0,63;9,215;0,05;7,02;0,67;5,777;-0,10;8,02;0,71;8,482
-0,09;5,02;0,58;11,205;-0,36;6,02;0,63;9,390;0,07;7,02;0,67;5,969;-0,11;8,02;0,71;8,692
-0,16;5,02;0,58;11,397;-0,28;6,02;0,63;9,529;0,05;7,02;0,67;6,196;-0,20;8,02;0,71;8,884
-0,17;5,02;0,58;11,624;-0,27;6,02;0,63;9,687;-0,16;7,02;0,67;6,388;-0,12;8,02;0,71;9,041
-0,02;5,02;0,58;11,851;-0,25;6,02;0,63;9,809;-0,19;7,02;0,67;6,650;-0,30;8,02;0,71;9,215
-0,05;5,02;0,58;12,060;-0,28;6,02;0,63;9,966;-0,22;7,02;0,67;6,877;-0,20;8,02;0,71;9,372
-0,03;5,02;0,58;12,252;-0,31;6,02;0,63;10,175;0,04;7,02;0,67;7,121;-0,22;8,02;0,71;9,477
0,01;5,02;0,58;12,409;-0,23;6,02;0,63;10,350;-0,03;7,02;0,67;7,400;-0,14;8,02;0,71;9,599
-0,03;5,02;0,58;12,566;-0,31;6,02;0,63;10,489;-0,08;7,02;0,67;7,697;-0,17;8,02;0,71;9,669
-0,07;5,02;0,58;12,741;-0,23;6,02;0,63;10,664;-0,05;7,02;0,67;7,941;-0,16;8,02;0,71;9,774
0,09;5,02;0,58;12,863;-0,37;6,02;0,63;10,838;-0,03;7,02;0,67;8,168;-0,14;8,02;0,71;9,913
0,04;5,02;0,58;13,003;-0,27;6,02;0,63;11,013;-0,10;7,02;0,67;8,378;-0,17;8,02;0,71;10,071
0,00;5,02;0,58;13,142;-0,29;6,02;0,63;11,170;-0,03;7,02;0,67;8,604;-0,23;8,02;0,71;10,210
0,06;5,02;0,58;13,282;-0,23;6,02;0,63;11,292;0,06;7,02;0,67;8,849;-0,04;8,02;0,71;10,350
0,17;5,02;0,58;13,456;-0,19;6,02;0,63;11,397;-0,09;7,02;0,67;9,111;-0,06;8,02;0,71;10,455
0,15;5,02;0,58;13,648;-0,24;6,02;0,63;11,519;0,00;7,02;0,67;9,355;-0,08;8,02;0,71;10,577
0,12;5,02;0,58;13,823;-0,17;6,02;0,63;11,659;0,00;7,02;0,67;9,599;-0,16;8,02;0,71;10,699
0,23;5,02;0,58;13,998;-0,13;6,02;0,63;11,798;-0,12;7,02;0,67;9,844;-0,09;8,02;0,71;10,821
0,25;5,02;0,58;14,172;-0,05;6,02;0,63;11,903;-0,38;7,02;0,67;10,105;0,03;8,02;0,71;10,926
0,44;5,02;0,58;14,399;-0,08;6,02;0,63;12,025;-0,25;7,02;0,67;10,367;-0,08;8,02;0,71;11,013
0,47;5,02;0,58;14,626;-0,05;6,02;0,63;12,165;-0,23;7,02;0,67;10,664;-0,03;8,02;0,71;11,065
0,78;5,02;0,58;14,800;0,01;6,02;0,63;12,322;-0,20;7,02;0,67;10,996;0,00;8,02;0,71;11,153
0,99;5,02;0,58;14,975;0,00;6,02;0,63;12,497;-0,13;7,02;0,67;11,327;0,02;8,02;0,71;11,222
1,49;5,02;0,58;15,115;0,06;6,02;0,63;12,636;0,02;7,02;0,67;11,589;0,01;8,02;0,71;11,310
1,77;5,02;0,58;15,237;0,11;6,02;0,63;12,846;-0,01;7,02;0,67;11,851;0,08;8,02;0,71;11,414
2,04;5,02;0,58;15,376;0,26;6,02;0,63;13,020;0,12;7,02;0,67;12,113;-0,05;8,02;0,71;11,537
3,00;5,02;0,58;15,516;0,18;6,02;0,63;13,160;0,31;7,02;0,67;12,374;0,09;8,02;0,71;11,624
3,38;5,02;0,58;15,656;0,24;6,02;0,63;13,299;0,30;7,02;0,67;12,636;0,11;8,02;0,71;11,676
4,70;5,02;0,58;15,865;0,37;6,02;0,63;13,422;0,39;7,02;0,67;12,863;0,14;8,02;0,71;11,694
5,47;5,02;0,58;16,127;0,36;6,02;0,63;13,579;0,60;7,02;0,67;13,107;0,11;8,02;0,71;11,729
8,27;5,02;0,58;16,371;0,58;6,02;0,63;13,753;0,72;7,02;0,67;13,334;0,32;8,02;0,71;11,781
10,34;5,02;0,58;16,598;0,57;6,02;0,63;13,928;0,99;7,02;0,67;13,614;0,31;8,02;0,71;11,886
15,17;5,02;0,58;16,773;0,76;6,02;0,63;14,137;1,20;7,02;0,67;13,910;0,23;8,02;0,71;12,025
17,29;5,02;0,58;16,930;0,84;6,02;0,63;14,312;1,44;7,02;0,67;14,190;0,35;8,02;0,71;12,130
19,72;5,02;0,58;17,104;1,32;6,02;0,63;14,521;2,13;7,02;0,67;14,451;0,30;8,02;0,71;12,182
20,12;5,02;0,58;17,314;1,58;6,02;0,63;14,731;2,77;7,02;0,67;14,661;0,29;8,02;0,71;12,200
19,76;5,02;0,58;17,575;2,56;6,02;0,63;14,923;4,59;7,02;0,67;14,870;0,40;8,02;0,71;12,235
16,86;5,02;0,58;17,802;3,27;6,02;0,63;15,115;5,55;7,02;0,67;15,027;0,46;8,02;0,71;12,270
14,71;5,02;0,58;17,994;3,96;6,02;0,63;15,307;8,13;7,02;0,67;15,219;0,36;8,02;0,71;12,339
10,20;5,02;0,58;18,151;5,76;6,02;0,63;15,533;9,57;7,02;0,67;15,429;0,47;8,02;0,71;12,409
8,45;5,02;0,58;18,274;7,11;6,02;0,63;15,708;13,67;7,02;0,67;15,621;0,56;8,02;0,71;12,497
5,61;5,02;0,58;18,413;10,79;6,02;0,63;15,900;16,38;7,02;0,67;15,778;0,60;8,02;0,71;12,601
4,65;5,02;0,58;18,640;12,94;6,02;0,63;16,092;22,55;7,02;0,67;15,935;0,63;8,02;0,71;12,706
2,61;5,02;0,58;18,902;18,04;6,02;0,63;16,301;25,69;7,02;0,67;16,109;0,65;8,02;0,71;12,828
1,84;5,02;0,58;19,181;21,04;6,02;0,63;16,528;28,97;7,02;0,67;16,301;0,75;8,02;0,71;12,933
1,21;5,02;0,58;19,408;26,49;6,02;0,63;16,738;35,06;7,02;0,67;16,528;0,88;8,02;0,71;13,038
0,58;5,02;0,58;19,600;28,07;6,02;0,63;16,982;37,11;7,02;0,67;16,808;0,99;8,02;0,71;13,107
0,47;5,02;0,58;19,775;28,68;6,02;0,63;17,209;37,57;7,02;0,67;17,087;1,12;8,02;0,71;13,160
0,22;5,02;0,58;19,932;26,05;6,02;0,63;17,366;35,12;7,02;0,67;17,383;1,21;8,02;0,71;13,230
0,16;5,02;0,58;20,124;23,49;6,02;0,63;17,558;26,37;7,02;0,67;17,645;1,32;8,02;0,71;13,317
0,18;5,02;0,58;20,351;18,00;6,02;0,63;17,715;21,43;7,02;0,67;17,837;1,53;8,02;0,71;13,422
0,12;5,02;0,58;20,577;15,33;6,02;0,63;17,855;13,47;7,02;0,67;18,029;1,56;8,02;0,71;13,561
0,10;5,02;0,58;20,804;10,96;6,02;0,63;17,994;10,51;7,02;0,67;18,151;1,92;8,02;0,71;13,718
0,08;5,02;0,58;21,014;9,14;6,02;0,63;18,117;8,04;7,02;0,67;18,309;2,03;8,02;0,71;13,840
-0,02;5,02;0,58;21,206;6,31;6,02;0,63;18,256;4,36;7,02;0,67;18,448;2,49;8,02;0,71;13,963
0,04;5,02;0,58;21,415;5,09;6,02;0,63;18,396;3,12;7,02;0,67;18,640;2,77;8,02;0,71;14,085
0,02;5,02;0,58;21,625;3,87;6,02;0,63;18,553;1,48;7,02;0,67;18,850;3,49;8,02;0,71;14,207
5,04E-4;5,02;0,58;21,852;1,95;6,02;0,63;18,710;1,05;7,02;0,67;19,042;3,83;8,02;0,71;14,329
-0,02;5,02;0,58;22,061;1,36;6,02;0,63;18,884;0,74;7,02;0,67;19,251;4,57;8,02;0,71;14,434
0,01;5,02;0,58;22,253;0,69;6,02;0,63;19,024;0,62;7,02;0,67;19,443;5,11;8,02;0,71;14,556
0,06;5,02;0,58;22,427;0,47;6,02;0,63;19,216;0,42;7,02;0,67;19,652;6,31;8,02;0,71;14,661
0,01;5,02;0,58;22,567;0,18;6,02;0,63;19,356;0,37;7,02;0,67;19,897;6,92;8,02;0,71;14,765
-0,06;5,02;0,58;22,707;0,06;6,02;0,63;19,530;0,31;7,02;0,67;20,141;7,65;8,02;0,71;14,870
-0,01;5,02;0,58;22,846;0,12;6,02;0,63;19,687;0,30;7,02;0,67;20,385;9,30;8,02;0,71;14,992
0,02;5,02;0,58;22,986;0,10;6,02;0,63;19,862;0,24;7,02;0,67;20,630;10,21;8,02;0,71;15,115
-0,22;5,02;0,58;23,126;-0,06;6,02;0,63;20,036;0,15;7,02;0,67;20,874;12,50;8,02;0,71;15,237
-0,21;5,02;0,58;23,283;-0,08;6,02;0,63;20,228;0,18;7,02;0,67;21,136;13,91;8,02;0,71;15,394
-0,13;5,02;0,58;23,457;-0,07;6,02;0,63;20,403;0,23;7,02;0,67;21,398;17,50;8,02;0,71;15,586
-0,05;5,02;0,58;23,649;-0,04;6,02;0,63;20,577;0,18;7,02;0,67;21,712;19,99;8,02;0,71;15,778
-0,12;5,02;0,58;23,841;-0,02;6,02;0,63;20,735;0,17;7,02;0,67;22,009;26,29;8,02;0,71;15,952
-0,13;5,02;0,58;24,051;-0,19;6,02;0,63;20,857;0,13;7,02;0,67;22,270;30,33;8,02;0,71;16,127
-0,03;5,02;0,58;24,278;-0,19;6,02;0,63;20,996;0,07;7,02;0,67;22,550;34,51;8,02;0,71;16,266
-0,18;5,02;0,58;24,504;-0,04;6,02;0,63;21,136;0,18;7,02;0,67;22,794;42,03;8,02;0,71;16,371
-0,11;5,02;0,58;24,696;-0,15;6,02;0,63;21,258;0,11;7,02;0,67;22,986;45,08;8,02;0,71;16,476
-0,03;5,02;0,58;24,888;-0,10;6,02;0,63;21,345;0,12;7,02;0,67;23,161;49,25;8,02;0,71;16,616
0,09;5,02;0,58;25,063;-0,16;6,02;0,63;21,468;0,12;7,02;0,67;23,353;50,25;8,02;0,71;16,773
0,04;5,02;0,58;25,220;-0,11;6,02;0,63;21,607;0,04;7,02;0,67;23,544;49,65;8,02;0,71;16,912
-0,02;5,02;0,58;25,377;-0,15;6,02;0,63;21,764;0,15;7,02;0,67;23,771;48,24;8,02;0,71;17,069
-7,17E-4;5,02;0,58;25,534;-0,11;6,02;0,63;21,939;0,18;7,02;0,67;24,016;42,70;8,02;0,71;17,226
-0,03;5,02;0,58;25,691;-0,11;6,02;0,63;22,131;0,16;7,02;0,67;24,312;38,97;8,02;0,71;17,366
-0,02;5,02;0,58;25,813;-0,02;6,02;0,63;22,340;0,14;7,02;0,67;24,627;35,18;8,02;0,71;17,506
-0,02;5,02;0,58;25,918;-0,03;6,02;0,63;22,532;0,10;7,02;0,67;24,906;27,36;8,02;0,71;17,645
0,05;5,02;0,58;26,005;-0,07;6,02;0,63;22,742;0,08;7,02;0,67;25,185;23,64;8,02;0,71;17,785
0,02;5,02;0,58;26,040;-0,04;6,02;0,63;22,899;0,05;7,02;0,67;25,447;17,29;8,02;0,71;17,907
0,00;5,02;0,58;26,093;-0,04;6,02;0,63;23,056;0,16;7,02;0,67;25,656;14,80;8,02;0,71;18,029
-7,78E-4;5,02;0,58;26,162;0,05;6,02;0,63;23,213;0,10;7,02;0,67;25,831;10,30;8,02;0,71;18,169
-0,08;5,02;0,58;26,232;-0,03;6,02;0,63;23,370;0,13;7,02;0,67;26,023;8,48;8,02;0,71;18,309
-0,01;5,02;0,58;26,337;-0,14;6,02;0,63;23,527;0,06;7,02;0,67;26,180;5,32;8,02;0,71;18,448
-0,01;5,02;0,58;26,442;-0,04;6,02;0,63;23,684;0,13;7,02;0,67;26,354;3,81;8,02;0,71;18,570
0,03;5,02;0,58;26,599;-0,10;6,02;0,63;23,859;-0,03;7,02;0,67;26,459;2,56;8,02;0,71;18,710
-0,02;5,02;0,58;26,738;-0,21;6,02;0,63;24,016;0,00;7,02;0,67;26,546;1,27;8,02;0,71;18,850
0,06;5,02;0,58;26,896;-0,19;6,02;0,63;24,190;0,11;7,02;0,67;26,651;0,85;8,02;0,71;18,954
0,02;5,02;0,58;27,070;-0,11;6,02;0,63;24,382;0,13;7,02;0,67;26,721;0,37;8,02;0,71;19,059
0,04;5,02;0,58;27,262;-0,13;6,02;0,63;24,574;0,03;7,02;0,67;26,773;0,18;8,02;0,71;19,164
0,08;5,02;0,58;27,437;-0,07;6,02;0,63;24,784;-0,03;7,02;0,67;26,878;-0,01;8,02;0,71;19,268
0,01;5,02;0,58;27,576;-0,11;6,02;0,63;24,958;0,04;7,02;0,67;27,035;-0,02;8,02;0,71;19,391
0,03;5,02;0,58;27,716;-0,13;6,02;0,63;25,098;-0,06;7,02;0,67;27,157;-0,07;8,02;0,71;19,530
0,08;5,02;0,58;27,838;-0,10;6,02;0,63;25,237;-0,06;7,02;0,67;27,314;-0,05;8,02;0,71;19,687
0,08;5,02;0,58;27,943;-0,16;6,02;0,63;25,342;-0,05;7,02;0,67;27,541;-0,06;8,02;0,71;19,827
0,05;5,02;0,58;28,030;-0,07;6,02;0,63;25,464;0,13;7,02;0,67;27,768;-0,07;8,02;0,71;19,932
0,11;5,02;0,58;28,117;-0,05;6,02;0,63;25,552;0,04;7,02;0,67;28,013;-0,23;8,02;0,71;20,036
0,04;5,02;0,58;28,222;-0,06;6,02;0,63;25,656;0,10;7,02;0,67;28,222;-0,29;8,02;0,71;20,124
0,09;5,02;0,58;28,344;-0,07;6,02;0,63;25,779;0,11;7,02;0,67;28,466;-0,32;8,02;0,71;20,211
0,02;5,02;0,58;28,484;-0,04;6,02;0,63;25,918;0,14;7,02;0,67;28,693;-0,29;8,02;0,71;20,351
0,01;5,02;0,58;28,588;-0,04;6,02;0,63;26,093;0,08;7,02;0,67;28,938;-0,26;8,02;0,71;20,490
0,03;5,02;0,58;28,676;-0,11;6,02;0,63;26,267;0,15;7,02;0,67;29,164;-0,22;8,02;0,71;20,682
-0,03;5,02;0,58;28,780;-0,05;6,02;0,63;26,442;0,16;7,02;0,67;29,356;-0,25;8,02;0,71;20,892
0,04;5,02;0,58;28,938;-0,01;6,02;0,62;26,599;0,12;7,02;0,67;29,566;-0,22;8,02;0,71;21,118
0,09;5,02;0,58;29,147;-0,01;6,02;0,63;26,721;0,09;7,02;0,67;29,793;-0,30;8,02;0,71;21,293
0,14;5,02;0,58;29,374;-0,02;6,02;0,63;26,843;0,17;7,02;0,67;30,037;-0,15;8,02;0,71;21,485
0,17;5,02;0,58;29,601;-0,03;6,02;0,63;26,965;0,15;7,02;0,67;30,247;-0,17;8,02;0,71;21,660
0,14;5,02;0,58;29,793;-0,10;6,02;0,63;27,088;0,22;7,02;0,67;30,404;-0,25;8,02;0,71;21,834
0,11;5,02;0,58;29,932;-0,09;6,02;0,63;27,192;0,11;7,02;0,67;30,543;-0,35;8,02;0,71;21,991
0,09;5,02;0,58;30,055;-0,04;6,02;0,62;27,314;0,04;7,02;0,67;30,648;-0,30;8,02;0,71;22,201
0,11;5,02;0,58;30,142;-0,02;6,02;0,63;27,454;0,08;7,02;0,67;30,805;-0,37;8,02;0,71;22,445
-0,02;5,02;0,58;30,264;0,01;6,02;0,63;27,594;0,07;7,02;0,67;30,980;-0,19;8,02;0,71;22,672
-0,01;5,02;0,58;30,421;-0,05;6,02;0,63;27,733;0,22;7,02;0,67;31,172;-0,28;8,02;0,71;22,881
0,02;5,02;0,58;30,631;-0,09;6,02;0,63;27,873;0,24;7,02;0,67;31,381;-0,36;8,02;0,71;23,073
0,10;5,02;0,58;30,857;-0,05;6,02;0,62;28,047;0,32;7,02;0,67;31,590;-0,29;8,02;0,71;23,265
0,07;5,02;0,58;31,049;-0,12;6,02;0,62;28,222;0,28;7,02;0,67;31,817;-0,31;8,02;0,71;23,492
0,14;5,02;0,58;31,259;-0,11;6,02;0,62;28,397;0,27;7,02;0,67;32,062;-0,33;8,02;0,71;23,702
0,06;5,02;0,58;31,468;-0,12;6,02;0,62;28,571;0,26;7,02;0,67;32,323;-0,26;8,02;0,71;23,946
0,11;5,02;0,58;31,643;-0,08;6,02;0,62;28,763;0,23;7,02;0,67;32,550;-0,28;8,02;0,71;24,173
0,17;5,02;0,58;31,800;-0,03;6,02;0,62;28,990;0,20;7,02;0,67;32,707;-0,26;8,02;0,71;24,400
0,12;5,02;0,58;31,922;-0,05;6,02;0,63;29,234;0,28;7,02;0,67;32,795;-0,26;8,02;0,71;24,644
0,16;5,02;0,58;32,062;-0,10;6,02;0,63;29,496;0,23;7,02;0,67;32,882;-0,35;8,02;0,71;24,871
0,19;5,02;0,58;32,236;0,01;6,02;0,62;29,723;0,22;7,02;0,67;32,952;-0,29;8,02;0,71;25,080
0,09;5,02;0,58;32,411;0,00;6,02;0,62;29,932;0,27;7,02;0,67;33,074;-0,31;8,02;0,71;25,290
0,13;5,02;0,58;32,620;0,04;6,02;0,62;30,124;0,28;7,02;0,67;33,266;-0,35;8,02;0,71;25,482
0,22;5,02;0,58;32,812;-0,04;6,02;0,62;30,299;0,21;7,02;0,67;33,510;-0,40;8,02;0,71;25,709
0,13;5,02;0,58;33,004;-0,07;6,02;0,62;30,473;0,26;7,02;0,67;33,772;-0,36;8,02;0,71;25,918
0,12;5,02;0,58;33,196;-0,08;6,02;0,62;30,631;0,18;7,02;0,67;34,051;-0,29;8,02;0,71;26,075
0,07;5,02;0,58;33,406;-0,06;6,02;0,62;30,788;0,17;7,02;0,67;34,313;-0,31;8,02;0,71;26,250
0,11;5,02;0,58;33,580;-0,10;6,02;0,62;30,962;0,09;7,02;0,67;34,523;-0,24;8,02;0,71;26,424
0,16;5,02;0,58;33,737;-0,17;6,02;0,62;31,154;0,23;7,02;0,67;34,715;-0,26;8,02;0,71;26,599
0,07;5,02;0,58;33,859;-0,19;6,02;0,62;31,364;0,25;7,02;0,67;34,872;-0,26;8,02;0,71;26,843
0,04;5,02;0,58;33,999;-0,01;6,02;0,62;31,573;0,25;7,02;0,67;35,046;-0,37;8,02;0,71;27,175
-0,04;5,02;0,58;34,156;-0,01;6,02;0,62;31,800;0,14;7,02;0,67;35,256;-0,28;8,02;0,71;27,541
0,05;5,02;0,58;34,331;0,02;6,02;0,62;32,009;0,22;7,02;0,67;35,430;-0,29;8,02;0,71;27,873
0,01;5,02;0,58;34,523;-0,01;6,02;0,62;32,201;0,26;7,02;0,67;35,605;-0,26;8,02;0,71;28,187
-0,01;5,02;0,58;34,697;-0,08;6,02;0,62;32,358;0,17;7,02;0,67;35,779;-0,39;8,02;0,71;28,484
0,08;5,02;0,58;34,854;-0,06;6,02;0,62;32,498;0,19;7,02;0,67;35,936;-0,24;8,02;0,71;28,763
0,03;5,02;0,58;34,976;-0,05;6,02;0,62;32,620;0,11;7,02;0,67;36,076;-0,27;8,02;0,71;29,042
0,03;5,02;0,58;35,099;-0,08;6,02;0,62;32,742;0,11;7,02;0,67;36,181;-0,28;8,02;0,71;29,356
0,09;5,02;0,58;35,221;-0,10;6,02;0,62;32,899;0,09;7,02;0,67;36,285;-0,29;8,02;0,71;29,653
0,02;5,02;0,58;35,308;-0,07;6,02;0,62;33,039;0,08;7,02;0,67;36,425;-0,37;8,02;0,71;29,932
-0,02;5,02;0,58;35,413;-0,01;6,02;0,62;33,196;-0,18;7,02;0,67;36,547;-0,39;8,02;0,71;30,194
0,05;5,02;0,58;35,535;-0,09;6,02;0,62;33,318;-0,08;7,02;0,67;36,704;-0,38;8,02;0,71;30,421
-0,07;5,02;0,58;35,692;-0,07;6,02;0,62;33,441;0,05;7,02;0,67;36,914;-0,34;8,02;0,71;30,683
-0,02;5,02;0,58;35,797;-0,15;6,02;0,62;33,580;0,17;7,02;0,67;37,123;-0,31;8,02;0,71;30,962
0,03;5,02;0,58;35,901;-0,08;6,02;0,62;33,737;0,05;7,02;0,67;37,367;-0,36;8,02;0,71;31,241
-0,09;5,02;0,58;36,006;-0,04;6,02;0,62;33,912;0,03;7,02;0,67;37,612;-0,34;8,02;0,71;31,503
-0,01;5,02;0,58;36,111;-0,10;6,02;0,62;34,086;-0,01;7,02;0,67;37,839;-0,36;8,02;0,71;31,765
0,02;5,02;0,58;36,216;-0,04;6,02;0,62;34,296;0,12;7,02;0,67;38,083;-0,34;8,02;0,71;32,027
-0,02;5,02;0,58;36,338;-0,03;6,02;0,62;34,488;0,16;7,02;0,67;38,310;-0,39;8,02;0,71;32,289
0,02;5,02;0,58;36,477;-0,09;6,02;0,62;34,697;0,07;7,02;0,67;38,572;-0,31;8,02;0,71;32,568
0,00;5,02;0,58;36,669;-0,12;6,02;0,62;34,907;0,07;7,02;0,67;38,816;-0,34;8,02;0,71;32,830
0,04;5,02;0,58;36,896;-0,09;6,02;0,62;35,133;0,02;7,02;0,67;39,095;-0,42;8,02;0,71;33,109
0,13;5,02;0,58;37,193;-0,11;6,02;0,62;35,360;0,06;7,02;0,67;39,322;-0,38;8,02;0,71;33,406
0,08;5,02;0,58;37,559;-0,01;6,02;0,62;35,587;0,07;7,02;0,67;39,549;-0,31;8,02;0,71;33,667
0,08;5,02;0,58;37,874;-0,04;6,02;0,62;35,797;0,08;7,02;0,67;39,759;-0,27;8,02;0,71;33,929
0,09;5,02;0,58;38,135;-0,10;6,02;0,62;35,989;0,06;7,02;0,67;39,985;-0,29;8,02;0,71;34,174
0,15;5,02;0,58;38,362;-0,10;6,02;0,62;36,163;0,06;7,02;0,67;40,265;-0,30;8,02;0,71;34,453
0,11;5,02;0,58;38,554;-0,07;6,02;0,62;36,320;0,13;7,02;0,67;40,579;-0,33;8,02;0,71;34,715
0,00;5,02;0,58;38,729;-0,09;6,02;0,62;36,477;0,09;7,02;0,67;40,823;-0,31;8,02;0,71;34,994
0,06;5,02;0,58;38,903;-0,08;6,02;0,62;36,600;0,02;7,02;0,67;41,050;-0,31;8,02;0,71;35,256
0,06;5,02;0,58;39,043;-0,12;6,02;0,62;36,722;0,11;7,02;0,67;41,260;-0,31;8,02;0,71;35,517
-0,02;5,02;0,58;39,130;-0,09;6,02;0,62;36,879;0,17;7,02;0,67;41,486;-0,48;8,02;0,71;35,849
-0,04;5,02;0,58;39,200;-0,04;6,02;0,62;37,036;0,19;7,02;0,67;41,696;-0,45;8,02;0,71;36,268
-4,73E-4;5,02;0,58;39,235;-0,14;6,02;0,62;37,228;0,24;7,02;0,67;41,940;-0,48;8,02;0,71;36,652
-0,04;5,02;0,58;39,270;-0,15;6,02;0,62;37,420;0,15;7,02;0,67;42,220;-0,45;8,02;0,71;37,018
0,02;5,02;0,58;39,357;-0,03;6,02;0,62;37,612;0,08;7,02;0,67;42,499;-0,39;8,02;0,71;37,298
-0,03;5,02;0,58;39,514;0,01;6,02;0,62;37,804;0,03;7,02;0,66;42,726;-0,32;8,02;0,71;37,559
-0,10;5,02;0,58;39,636;-0,09;6,02;0,62;38,031;0,25;7,02;0,67;42,918;-0,36;8,02;0,71;37,804
-0,06;5,02;0,58;39,776;-0,07;6,02;0,62;38,275;0,27;7,02;0,67;43,127;-0,37;8,02;0,71;38,013
-0,04;5,02;0,58;39,916;-0,11;6,02;0,62;38,537;0,25;7,02;0,67;43,354;-0,42;8,02;0,71;38,258
-0,07;5,02;0,58;40,108;-0,06;6,02;0,62;38,799;0,18;7,02;0,67;43,598;-0,31;8,02;0,71;38,485
0,04;5,02;0,58;40,282;-0,09;6,02;0,62;39,060;0,12;7,02;0,67;43,860;-0,40;8,02;0,71;38,746
0,01;5,02;0,58;40,439;-0,11;6,02;0,62;39,287;0,15;7,02;0,67;44,087;-0,34;8,02;0,71;39,026
0,00;5,02;0,58;40,579;-0,09;6,02;0,62;39,549;0,11;7,02;0,67;44,331;-0,30;8,02;0,71;39,322
-0,04;5,02;0,58;40,736;-0,07;6,02;0,62;39,794;0,13;7,02;0,67;44,523;-0,42;8,02;0,71;39,636
0,01;5,02;0,58;40,911;-0,11;6,02;0,62;40,003;0,12;7,02;0,67;44,698;-0,47;8,02;0,71;39,933
0,04;5,02;0,58;41,085;-0,11;6,02;0,62;40,195;0,18;7,02;0,67;44,890;-0,27;8,02;0,71;40,212
0,08;5,02;0,58;41,242;-0,09;6,02;0,62;40,369;0,27;7,02;0,67;45,082;-0,26;8,02;0,71;40,474
0,07;5,02;0,58;41,399;-0,12;6,02;0,62;40,527;0,32;7,02;0,67;45,291;-0,34;8,02;0,71;40,753
0,07;5,02;0,58;41,504;-0,10;6,02;0,62;40,684;0,21;7,02;0,67;45,571;-0,32;8,02;0,71;41,050
0,00;5,02;0,58;41,626;-0,12;6,02;0,62;40,858;0,24;7,02;0,66;45,850;-0,30;8,02;0,71;41,329
0,01;5,02;0,58;41,748;-0,18;6,02;0,62;41,015;0,35;7,02;0,67;46,146;-0,48;8,02;0,71;41,574
0,04;5,02;0,58;41,870;-0,16;6,02;0,62;41,190;0,31;7,02;0,67;46,461;-0,49;8,02;0,71;41,801
-0,05;5,02;0,58;42,028;-0,12;6,02;0,62;41,364;0,33;7,02;0,67;46,792;-0,49;8,02;0,71;42,045
0,03;5,02;0,58;42,167;-0,09;6,02;0,62;41,556;0,33;7,02;0,67;47,089;-0,41;8,02;0,71;42,289
0,09;5,02;0,58;42,324;-0,07;6,02;0,62;41,748;0,32;7,02;0,67;47,403;-0,43;8,02;0,71;42,499
-0,01;5,02;0,58;42,499;-0,11;6,02;0,62;41,975;0,30;7,02;0,67;47,682;-0,42;8,02;0,71;42,691
-0,06;5,02;0,58;42,656;-0,12;6,02;0,62;42,202;0,34;7,02;0,67;47,997;-0,45;8,02;0,71;42,848
-0,12;5,02;0,58;42,761;-0,15;6,02;0,62;42,429;0,26;7,02;0,67;48,311;-0,42;8,02;0,71;42,970
0,08;5,02;0,58;42,883;-0,16;6,02;0,62;42,673;0,30;7,02;0,67;48,677;-0,38;8,02;0,71;43,127
0,03;5,02;0,58;43,005;-0,07;6,02;0,62;42,883;0,30;7,02;0,67;49,009;-0,39;8,02;0,71;43,302
-0,08;5,02;0,58;43,092;-0,08;6,02;0,62;43,092;0,35;7,02;0,67;49,288;-0,43;8,02;0,71;43,529
-0,07;5,02;0,58;43,197;-0,08;6,02;0,62;43,302;0,28;7,02;0,66;49,602;-0,33;8,02;0,71;43,808
-0,02;5,02;0,58;43,302;-0,08;6,02;0,62;43,459;0,24;7,02;0,67;49,916;-0,44;8,02;0,71;44,122
-0,03;5,02;0,58;43,424;-0,14;6,02;0,62;43,616;0,27;7,02;0,67;50,283;-0,34;8,02;0,71;44,401
0,04;5,02;0,58;43,616;-0,07;6,02;0,62;43,755;0,26;7,02;0,67;50,667;-0,30;8,02;0,71;44,646
0,02;5,02;0,58;43,843;-0,10;6,02;0,62;43,930;0,21;7,02;0,66;51,033;-0,34;8,02;0,71;44,907
0,02;5,02;0,58;44,052;-0,64;6,02;0,62;44,139;0,30;7,02;0,67;51,348;-0,35;8,02;0,71;45,221
-0,02;5,02;0,58;44,244;-0,59;6,02;0,62;44,384;0,32;7,02;0,66;51,644;-0,43;8,02;0,71;45,553
0,03;5,02;0,58;44,401;-0,52;6,02;0,62;44,628;0,26;7,02;0,67;51,924;-0,35;8,02;0,71;45,885
0,01;5,02;0,58;44,541;-0,58;6,02;0,62;44,872;0,23;7,02;0,66;52,220;-0,31;8,02;0,71;46,181
0,08;5,02;0,58;44,663;-0,56;6,02;0,62;45,134;0,21;7,02;0,67;52,482;-0,32;8,02;0,71;46,426
0,07;5,02;0,58;44,768;-0,69;6,02;0,62;45,379;0,14;7,02;0,66;52,779;-0,44;8,02;0,71;46,670
0,06;5,02;0,58;44,820;-0,65;6,02;0,62;45,658;0,15;7,02;0,66;53,180;-0,37;8,02;0,71;46,897
0,14;5,02;0,58;44,855;-0,59;6,02;0,62;45,920;0,19;7,02;0,66;53,564;-0,36;8,02;0,71;47,089
0,23;5,02;0,58;44,890;-0,63;6,02;0,62;46,199;0,30;7,02;0,66;53,948;-0,36;8,02;0,71;47,298
0,17;5,02;0,58;44,977;-0,60;6,02;0,62;46,408;0,26;7,02;0,67;54,315;-0,40;8,02;0,71;47,508
0,16;5,02;0,58;45,082;-0,59;6,02;0,62;46,565;0,33;7,02;0,67;54,611;-0,30;8,02;0,71;47,700
0,15;5,02;0,58;45,204;-0,62;6,02;0,62;46,740;0,29;7,02;0,67;54,856;-0,28;8,02;0,71;47,892
0,13;5,02;0,58;45,326;-0,59;6,02;0,62;46,932;0,33;7,02;0,67;55,065;-0,40;8,02;0,71;48,101
0,02;5,02;0,58;45,448;-0,57;6,02;0,62;47,141;0,21;7,02;0,66;55,275;-0,26;8,02;0,71;48,328
0,12;5,02;0,58;45,571;-0,58;6,02;0,62;47,316;0,15;7,02;0,67;55,467;-0,34;8,02;0,71;48,555
0,12;5,02;0,58;45,710;-0,48;6,02;0,62;47,455;0,26;7,02;0,67;55,659;-0,30;8,02;0,71;48,764
0,18;5,02;0,58;45,850;-0,55;6,02;0,62;47,578;0,34;7,02;0,66;55,833;-0,49;8,02;0,71;48,956
0,11;5,02;0,58;45,989;-0,58;6,02;0,62;47,700;0,32;7,02;0,66;56,060;-0,55;8,02;0,71;49,148
-0,10;5,02;0,58;46,129;-0,61;6,02;0,62;47,857;0,25;7,02;0,66;56,269;-0,43;8,02;0,71;49,323
0,01;5,02;0,58;46,269;-0,61;6,02;0,62;48,066;0,16;7,02;0,67;56,461;-0,37;8,02;0,71;49,515
0,02;5,02;0,58;46,391;-0,61;6,02;0,62;48,311;0,28;7,02;0,66;56,636;-0,44;8,02;0,71;49,707
-0,03;5,02;0,58;46,478;-0,63;6,02;0,62;48,555;0,24;7,02;0,66;56,863;-0,23;8,02;0,71;49,916
0,07;5,02;0,58;46,530;-0,53;6,02;0,62;48,782;0,27;7,02;0,66;57,125;-0,21;8,02;0,71;50,126
0,11;5,02;0,58;46,618;-0,56;6,02;0,62;48,991;0,32;7,02;0,66;57,404;-0,42;8,02;0,71;50,335
0,00;5,02;0,58;46,722;-0,56;6,02;0,62;49,183;0,25;7,02;0,66;57,701;-0,38;8,02;0,71;50,580
0,09;5,02;0,58;46,880;-0,58;6,02;0,62;49,375;0,27;7,02;0,66;57,980;-0,19;8,02;0,71;50,841
0,14;5,02;0,58;47,037;-0,63;6,02;0,62;49,585;0,23;7,02;0,66;58,224;-0,21;8,02;0,71;51,103
0,17;5,02;0,58;47,246;-0,69;6,02;0,62;49,794;0,26;7,02;0,66;58,486;-0,51;8,02;0,71;51,348
0,09;5,02;0,58;47,438;-0,58;6,02;0,62;50,021;0,09;7,02;0,67;58,765;-0,60;8,02;0,71;51,592
0,07;5,02;0,58;47,630;-0,63;6,02;0,62;50,231;0,23;7,02;0,67;58,992;-0,50;8,02;0,71;51,801
0,17;5,02;0,58;47,805;-0,62;6,02;0,62;50,475;0,08;7,02;0,66;59,202;-0,40;8,02;0,71;52,011
0,11;5,02;0,58;47,944;-0,64;6,02;0,62;50,667;0,10;7,02;0,66;59,394;-0,38;8,02;0,71;52,185
0,07;5,02;0,58;48,066;-0,66;6,02;0,62;50,876;0,32;7,02;0,67;59,551;-0,49;8,02;0,71;52,395
0,11;5,02;0,58;48,206;-0,62;6,02;0,62;51,086;0,30;7,02;0,67;59,690;-0,39;8,02;0,71;52,622
0,11;5,02;0,58;48,346;-0,67;6,02;0,62;51,295;0,52;7,02;0,67;59,795;-0,38;8,02;0,71;52,866
0,01;5,02;0,58;48,503;-0,90;6,02;0,62;51,505;0,71;7,02;0,67;59,917;-0,32;8,02;0,71;53,110
0,02;5,02;0,58;48,660;-0,81;6,02;0,62;51,749;1,43;7,02;0,67;60,057;-0,38;8,02;0,71;53,302
0,06;5,02;0,58;48,799;-0,80;6,02;0,62;52,028;1,77;7,02;0,67;60,214;-0,32;8,02;0,71;53,477
0,05;5,02;0,58;48,956;-0,72;6,02;0,62;52,255;1,83;7,02;0,67;60,388;-0,30;8,02;0,71;53,634
0,05;5,02;0,58;49,114;-0,59;6,02;0,62;52,517;1,53;7,02;0,67;60,545;-0,31;8,02;0,71;53,808
-0,01;5,02;0,58;49,271;-0,68;6,02;0,62;52,761;1,28;7,02;0,67;60,668;-0,30;8,02;0,71;54,000
0,06;5,02;0,58;49,445;-0,68;6,02;0,62;52,971;0,80;7,02;0,67;60,790;-0,22;8,02;0,71;54,227
0,10;5,02;0,58;49,620;-0,75;6,02;0,62;53,163;0,57;7,02;0,66;60,929;-0,39;8,02;0,71;54,437
0,00;5,02;0,58;49,777;-0,87;6,02;0,62;53,372;0,46;7,02;0,66;61,069;-0,43;8,02;0,71;54,646
0,03;5,02;0,58;49,899;-0,97;6,02;0,62;53,564;0,25;7,02;0,66;61,226;-0,37;8,02;0,71;54,856
0,07;5,02;0,58;49,986;-0,98;6,02;0,62;53,739;0,10;7,02;0,66;61,418;-0,39;8,02;0,71;55,065
0,06;5,02;0,58;50,056;-0,99;6,02;0,62;53,913;0,19;7,02;0,66;61,575;-0,43;8,02;0,71;55,275
0,06;5,02;0,58;50,161;-0,99;6,02;0,62;54,105;0,29;7,02;0,66;61,732;-0,26;8,02;0,71;55,501
0,04;5,02;0,58;50,283;-0,95;6,02;0,62;54,297;0,32;7,02;0,66;61,854;-0,27;8,02;0,71;55,763
-0,01;5,02;0,58;50,405;-1,00;6,02;0,62;54,489;0,23;7,02;0,66;61,924;-0,38;8,02;0,71;56,060
-0,03;5,02;0,58;50,527;-0,92;6,02;0,62;54,664;0,24;7,02;0,66;61,994;-0,37;8,02;0,71;56,322
-0,03;5,02;0,58;50,667;-0,92;6,02;0,62;54,838;0,02;7,02;0,66;62,046;-0,35;8,02;0,71;56,549
-0,01;5,02;0,58;50,807;-0,97;6,02;0,62;54,995;0,15;7,02;0,66;62,099;-0,30;8,02;0,71;56,776
0,10;5,02;0,58;50,964;-0,97;6,02;0,62;55,152;0,28;7,02;0,66;62,186;-0,40;8,02;0,71;57,002
-0,05;5,02;0,58;51,173;-0,98;6,02;0,62;55,327;0,30;7,02;0,66;62,291;-0,40;8,02;0,71;57,247
-0,06;5,02;0,58;51,365;-0,94;6,02;0,62;55,501;0,26;7,02;0,66;62,396;-0,31;8,02;0,71;57,474
-0,02;5,02;0,58;51,540;-0,99;6,02;0,62;55,676;0,19;7,02;0,66;62,483;-0,33;8,02;0,71;57,631
0,03;5,02;0,58;51,714;-1,00;6,02;0,62;55,868;0,19;7,02;0,66;62,518;-0,40;8,02;0,71;57,718
0,06;5,02;0,58;51,924;-1,04;6,02;0,62;56,060;0,14;7,02;0,66;62,535;-0,31;8,02;0,71;57,805
0,02;5,02;0,58;52,133;-0,94;6,02;0,62;56,235;0,19;7,02;0,66;62,570;-0,57;8,02;0,71;57,875
0,04;5,02;0,58;52,360;-0,99;6,02;0,62;56,409;0,13;7,02;0,66;62,640;-0,30;8,02;0,71;57,945
-0,03;5,02;0,58;52,587;-0,97;6,02;0,62;56,566;0,15;7,02;0,66;62,745;-0,20;8,02;0,71;58,067
-0,01;5,02;0,58;52,814;-1,03;6,02;0,62;56,706;0,23;7,02;0,66;62,867;-0,29;8,02;0,71;58,277
-0,02;5,02;0,58;53,041;-1,02;6,02;0,62;56,828;0,19;7,02;0,66;62,971;-0,27;8,02;0,71;58,521
0,04;5,02;0,58;53,267;-1,02;6,02;0,62;56,985;0,26;7,02;0,66;63,041;-0,29;8,02;0,71;58,783
0,02;5,02;0,58;53,494;-1,00;6,02;0,62;57,177;0,24;7,02;0,66;63,094;-0,22;8,02;0,71;59,010
0,01;5,02;0,58;53,704;-0,93;6,02;0,62;57,369;0,16;7,02;0,66;63,129;-0,29;8,02;0,71;59,184
-0,02;5,02;0,58;53,913;-0,96;6,02;0,62;57,578;0,21;7,02;0,66;63,163;-0,26;8,02;0,71;59,341
-0,01;5,02;0,58;54,088;-0,96;6,02;0,62;57,788;0,18;7,02;0,66;63,198;-0,26;8,02;0,71;59,498
-0,02;5,02;0,58;54,245;-0,92;6,02;0,62;57,980;0,19;7,02;0,66;63,233;-0,24;8,02;0,71;59,690
0,02;5,02;0,58;54,419;-0,97;6,02;0,62;58,172;0,17;7,02;0,66;63,251;-0,05;8,02;0,71;59,900
-0,01;5,02;0,58;54,611;-0,94;6,02;0,62;58,346;0,04;7,02;0,66;63,286;0,28;8,02;0,71;60,074
-0,01;5,02;0,58;54,838;-0,98;6,02;0,62;58,538;0,07;7,02;0,66;63,286;1,09;8,02;0,71;60,231
0,01;5,02;0,58;55,065;-0,93;6,02;0,62;58,695;0,18;7,02;0,66;63,286;1,71;8,02;0,71;60,353
0,00;5,02;0,58;55,292;-0,98;6,02;0,62;58,887;0,18;7,02;0,66;63,286;1,79;8,02;0,71;60,476
-0,01;5,02;0,58;55,519;-1,07;6,02;0,62;59,079;0,19;7,02;0,66;63,286;1,40;8,02;0,71;60,580
-0,05;5,02;0,58;55,746;-0,93;6,02;0,62;59,271;0,23;7,02;0,66;63,286;1,11;8,02;0,71;60,720
-0,01;5,02;0,58;55,920;-0,89;6,02;0,62;59,446;0,31;7,02;0,66;63,286;0,58;8,02;0,71;60,825
0,07;5,02;0,58;56,095;-0,92;6,02;0,62;59,620;0,18;7,02;0,66;63,286;0,33;8,02;0,71;60,947
-0,05;5,02;0,58;56,217;-1,02;6,02;0,62;59,795;0,22;7,02;0,66;63,286;0,24;8,02;0,71;61,069
0,04;5,02;0,58;56,374;-0,92;6,02;0,62;59,987;0,18;7,02;0,66;63,286;0,17;8,02;0,71;61,174
-0,01;5,02;0,58;56,514;-0,85;6,02;0,62;60,179;0,21;7,02;0,66;63,286;0,07;8,02;0,71;61,296
-0,13;5,02;0,58;56,706;-0,54;6,02;0,62;60,406;0,20;7,02;0,66;63,286;0,09;8,02;0,71;61,401
0,02;5,02;0,58;56,950;-0,10;6,02;0,62;60,615;0,08;7,02;0,66;63,286;-0,05;8,02;0,71;61,523
-0,03;5,02;0,58;57,212;0,24;6,02;0,62;60,807;0,29;7,02;0,66;63,268;-0,01;8,02;0,71;61,628
-0,06;5,02;0,58;57,543;0,05;6,02;0,62;60,982;0,19;7,02;0,66;63,268;-0,05;8,02;0,71;61,715
0,00;5,02;0,58;57,875;-0,18;6,02;0,62;61,139;0,19;7,02;0,66;63,268;0,02;8,02;0,71;61,785
0,04;5,02;0,58;58,224;-0,40;6,02;0,62;61,261;0,17;7,02;0,66;63,268;-0,02;8,02;0,71;61,837
0,07;5,02;0,58;58,521;-0,52;6,02;0,62;61,401;0,12;7,02;0,66;63,268;-0,07;8,02;0,71;61,889
0,05;5,02;0,58;58,800;-0,71;6,02;0,62;61,540;0,13;7,02;0,66;63,268;-0,11;8,02;0,71;61,924
3,81E-4;5,02;0,58;59,044;-0,69;6,02;0,62;61,680;0,19;7,02;0,66;63,268;-0,01;8,02;0,71;61,994
0,05;5,02;0,58;59,236;-0,75;6,02;0,62;61,837;0,15;7,02;0,66;63,268;0,01;8,02;0,71;62,046
0,05;5,02;0,58;59,359;-0,70;6,02;0,62;61,994;0,18;7,02;0,66;63,268;-0,06;8,02;0,71;62,116
0,09;5,02;0,58;59,428;-0,75;6,02;0,62;62,099;0,20;7,02;0,66;63,268;0,04;8,02;0,71;62,169
0,07;5,02;0,58;59,516;-0,70;6,02;0,62;62,204;0,13;7,02;0,66;63,268;0,01;8,02;0,71;62,238
0,05;5,02;0,58;59,603;-0,76;6,02;0,62;62,273;0,12;7,02;0,66;63,268;-0,04;8,02;0,71;62,308
0,03;5,02;0,58;59,760;-0,84;6,02;0,62;62,361;0,15;7,02;0,66;63,268;-0,04;8,02;0,71;62,378
0,06;5,02;0,58;59,987;-0,82;6,02;0,62;62,465;0,18;7,02;0,66;63,268;0,01;8,02;0,71;62,430
0,11;5,02;0,58;60,214;-0,83;6,02;0,62;62,587;0,11;7,02;0,66;63,268;-0,05;8,02;0,71;62,483
0,16;5,02;0,58;60,423;-0,79;6,02;0,62;62,710;0,02;7,02;0,66;63,268;-0,05;8,02;0,71;62,518
0,46;5,02;0,58;60,615;-0,79;6,02;0,62;62,832;0,08;7,02;0,66;63,268;-0,05;8,02;0,71;62,553
0,74;5,02;0,58;60,860;-0,77;6,02;0,62;62,971;0,20;7,02;0,66;63,268;0,04;8,02;0,71;62,622
1,11;5,02;0,58;61,121;-0,74;6,02;0,62;63,129;0,08;7,02;0,66;63,268;0,06;8,02;0,71;62,675
0,93;5,02;0,58;61,331;-0,71;6,02;0,62;63,268;0,16;7,02;0,66;63,268;0,01;8,02;0,71;62,710
0,60;5,02;0,58;61,505;-0,86;6,02;0,62;63,373;0,21;7,02;0,66;63,268;-0,02;8,02;0,71;62,727
0,48;5,02;0,58;61,680;-0,90;6,02;0,62;63,513;0,27;7,02;0,66;63,268;0,04;8,02;0,71;62,745
0,19;5,02;0,58;61,837;-1,16;6,02;0,62;63,617;0,19;7,02;0,66;63,268;0,06;8,02;0,71;62,779
0,23;5,02;0,58;61,994;-1,05;6,02;0,62;63,687;0,17;7,02;0,66;63,268;0,05;8,02;0,71;62,832
0,30;5,02;0,58;62,151;-0,74;6,02;0,62;63,757;0,19;7,02;0,66;63,268;0,04;8,02;0,71;62,884
0,29;5,02;0,58;62,308;-0,73;6,02;0,62;63,774;0,19;7,02;0,66;63,268;0,13;8,02;0,71;62,919
0,21;5,02;0,58;62,483;-0,79;6,02;0,62;63,774;0,13;7,02;0,66;63,268;0,11;8,02;0,71;62,971
0,23;5,02;0,58;62,622;-0,83;6,02;0,62;63,774;0,21;7,02;0,66;63,268;0,09;8,02;0,71;63,024
0,21;5,02;0,58;62,762;-0,80;6,02;0,62;63,774;0,12;7,02;0,66;63,268;0,13;8,02;0,71;63,059
0,22;5,02;0,58;62,971;-0,77;6,02;0,62;63,774;0,23;7,02;0,66;63,268;0,06;8,02;0,71;63,094
0,16;5,02;0,58;63,129;-0,74;6,02;0,62;63,774;0,16;7,02;0,66;63,268;0,03;8,02;0,71;63,129
0,19;5,02;0,58;63,338;-0,93;6,02;0,62;63,774;0,08;7,02;0,66;63,268;-0,01;8,02;0,71;63,181
0,18;5,02;0,58;63,547;-0,96;6,02;0,62;63,774;0,19;7,02;0,66;63,268;0,05;8,02;0,71;63,251
0,19;5,02;0,58;63,722;-0,73;6,02;0,62;63,774;0,16;7,02;0,66;63,268;0,04;8,02;0,71;63,321
0,23;5,02;0,58;63,809;-0,81;6,02;0,62;63,774;0,15;7,02;0,67;63,268;-0,07;8,02;0,71;63,373
0,14;5,02;0,58;63,879;-0,79;6,02;0,62;63,774;0,14;7,02;0,66;63,268;-0,07;8,02;0,71;63,390
0,14;5,02;0,58;63,949;-0,76;6,02;0,62;63,774;0,09;7,02;0,66;63,268;0,01;8,02;0,71;63,390
0,16;5,02;0,58;64,001;-0,84;6,02;0,62;63,774;0,11;7,02;0,66;63,268;-0,02;8,02;0,71;63,390
0,14;5,02;0,58;64,001;-0,82;6,02;0,62;63,774;0,02;7,02;0,67;63,268;0,06;8,02;0,71;63,390
0,16;5,02;0,58;64,001;-0,81;6,02;0,62;63,774;-0,06;7,02;0,66;63,268;0,00;8,02;0,71;63,390
0,17;5,02;0,58;64,001;-0,97;6,02;0,62;63,774;-0,02;7,02;0,66;63,268;0,04;8,02;0,71;63,390
0,18;5,02;0,58;64,001;-0,81;6,02;0,62;63,774;0,09;7,02;0,66;63,268;0,08;8,02;0,71;63,390
0,15;5,02;0,58;64,001;-0,87;6,02;0,62;63,774;0,09;7,02;0,66;63,268;-0,05;8,02;0,71;63,390
0,15;5,02;0,58;64,001;-0,81;6,02;0,62;63,774;0,03;7,02;0,66;63,268;-0,16;8,02;0,71;63,390
0,14;5,02;0,58;64,001;-0,70;;;;0,11;7,02;0,66;;-0,14;8,02;0,71;63,390
0,23;5,02;0,58;64,001;;;;;;;;;-0,12;8,02;0,71;63,390
0,16;5,02;0,58;64,001;;;;;;;;;-0,09;8,02;0,71;63,390
0,19;5,02;0,58;64,001;;;;;;;;;-0,09;8,02;0,71;63,390
0,20;5,02;0,58;64,001;;;;;;;;;-0,12;8,02;0,71;63,390
0,25;5,02;0,58;64,001;;;;;;;;;-0,12;8,02;0,71;63,390
0,12;5,02;0,58;64,001;;;;;;;;;-0,11;8,02;0,71;63,390
0,14;5,02;0,58;64,001;;;;;;;;;-0,07;8,02;0,71;63,390
0,16;5,02;0,58;64,001;;;;;;;;;-0,06;8,02;0,71;63,390
0,23;5,02;0,58;64,001;;;;;;;;;-0,02;8,02;0,71;63,390
0,11;5,02;0,58;64,001;;;;;;;;;-0,07;8,02;0,71;63,390
0,10;5,02;0,58;64,001;;;;;;;;;-0,10;8,02;0,71;63,390
0,11;5,02;0,58;64,001;;;;;;;;;-0,14;8,02;0,71;63,390
0,22;5,02;0,58;64,001;;;;;;;;;-0,12;8,02;0,71;63,390
0,18;5,02;0,58;64,001;;;;;;;;;0,00;8,02;0,71;63,390
0,22;5,02;0,58;64,001;;;;;;;;;-0,03;8,02;0,71;63,390
0,22;5,02;0,58;64,001;;;;;;;;;-0,03;;;
0,16;5,02;0,58;64,001;;;;;;;;;;;;
0,19;5,02;0,58;64,001;;;;;;;;;;;;
0,15;5,02;0,58;64,001;;;;;;;;;;;;
0,09;5,02;0,58;64,001;;;;;;;;;;;;
0,00;5,02;0,58;64,001;;;;;;;;;;;;
-0,10;5,02;0,58;64,001;;;;;;;;;;;;
